LA Region Name,LAD10CD,Year,A. Industry and Commercial Electricity,B. Industry and Commercial Gas,C. Large Industrial Installations,D. Industrial and Commercial Other Fuels,E. Agricultural Combustion,Industry and Commercial Total,F. Domestic Electricity,G. Domestic Gas,H. Domestic 'Other Fuels',Domestic Total,I. Road Transport (A roads),J. Road Transport (Motorways),K. Road Transport (Minor roads),L. Diesel Railways,M. Transport Other,Transport Total,N. LULUCF Net Emissions,Grand Total,"Population                                              ('000s, mid-year estimate)",Per Capita Emissions (t)
Darlington,00EH,2005,165.9,139.9,0,29,4,338.7,100.6,156.5,31.5,288.7,87.6,49,74.2,6.1,5.2,222.1,4.1,853.6,100.3,8.5
Durham,00EJ,2005,727.6,347.6,297,210.6,36.4,1619,451.4,773.2,174.1,1398.7,479.1,219,288.1,32.8,6,1025,1.3,4044.1,497.2,8.1
Gateshead,00CH,2005,349.1,193.7,0.7,65.2,1.1,609.8,177.9,320.8,9.1,507.7,223.2,29.7,215.8,3.5,1.8,473.9,0.2,1591.6,192.9,8.3
Hartlepool,00EB,2005,206,71.8,173.1,28.4,1.3,480.6,80.8,133.5,32.5,246.9,91.1,0,70.4,0.8,0.9,163.2,0.3,890.9,90.5,9.8
Middlesbrough,00EC,2005,294.8,80.9,4.1,21.1,0.5,401.3,121.8,196.1,4.3,322.3,141.8,0,166.3,1.8,1.2,311.2,-0.9,1033.7,138.5,7.5
Newcastle upon Tyne,00CJ,2005,492.1,268,0.5,40.5,1,802.1,256.2,403.8,10,670,216.6,12,222.7,3.7,13.2,468.2,1.4,1941.7,269.6,7.2
North Tyneside,00CK,2005,339.8,193.1,0.6,46.8,0.7,581,185.4,319.4,8.1,512.9,165.9,0,150,4.4,1.9,322.1,1.2,1417.2,194.1,7.3
Northumberland,00EM,2005,607.1,338.9,3013.2,171.5,103.6,4234.2,335.6,420.4,184.9,940.9,483.5,0,145.1,32.7,4.5,665.8,-202.6,5638.2,310.8,18.1
Redcar and Cleveland,00EE,2005,530.7,231.9,8056.6,60.5,3.6,8883.2,129.1,198.3,10.8,338.2,119.9,0,98.2,2.9,1,222,-0.8,9442.6,138.2,68.3
South Tyneside,00CL,2005,148.8,66.8,0,23.1,0.4,239.1,127.3,234,6.1,367.4,98.8,2.6,87.2,2.2,0.8,191.5,1.2,799.2,149.6,5.3
Stockton-on-Tees,00EF,2005,509.6,364.9,1791,79.1,2.8,2747.4,167.8,267.4,10.7,445.9,240.2,0,134.3,7.1,5.9,387.4,-0.8,3579.9,186.4,19.2
Sunderland,00CM,2005,509.6,224.4,17.5,77.5,1,830.1,240.8,443.6,12,696.4,231.2,10.5,208.6,0.8,2.1,453.1,-0.7,1978.9,279.2,7.1
North East Total,,2005,4881,2521.8,13354.1,853.1,156.3,21766.4,2374.7,3866.9,494.2,6735.8,2578.7,322.7,1860.9,98.7,44.5,4905.4,-196.1,33211.5,2547.3,13
Blackburn with Darwen,00EX,2005,293.1,179.5,102.1,60.6,2,637.2,130.4,205.4,7.3,343.2,63.5,51.6,63.3,0.9,2.9,182,2.3,1164.8,142.1,8.2
Blackpool,00EY,2005,196.4,85.5,0,22,0.2,304.1,157,218,4.4,379.5,60.1,0.8,75,0.6,3,139.4,1.9,824.9,143.7,5.7
Bolton,00BL,2005,336,146.7,11.7,75.5,1.6,571.5,261.8,399.7,11,672.5,181.6,133.2,206.9,5.6,2.2,529.5,1.5,1775,265,6.7
Bury,00BM,2005,218,143.1,0,42.3,1.3,404.7,178,290.9,7,475.8,97.4,224.5,120.2,0,1.8,443.9,1.7,1326.1,181,7.3
Cheshire East,00EQ,2005,649.1,362.6,163,159.4,39.2,1373.3,402.9,533.7,130.8,1067.5,446.1,588.8,210.3,18.3,61.5,1324.8,38,3803.6,359.8,10.6
Cheshire West and Chester,00EW,2005,858,431.4,2272.3,118.8,30.4,3710.8,338.4,451.2,73.6,863.2,433.5,357.2,190.9,10.9,43.9,1036.4,34.7,5645.1,327.2,17.3
Cheshire Total,,2005,1507.1,794,2435.3,278.1,69.6,5084,741.3,985,204.5,1930.7,879.6,946,401.2,29.2,105.4,2361.3,72.7,9448.7,687,13.8
Allerdale,16UB,2005,307.9,143.5,260.2,48.1,40.6,800.3,104.3,127.7,38.4,270.4,144,0,63.6,1.5,1,210.2,29,1309.9,95,13.8
Barrow-in-Furness,16UC,2005,191.4,97.1,8.2,20.9,1.3,318.9,65.6,96.5,4.3,166.4,25.1,0,18.2,0.8,0.8,45,2.7,533,70.5,7.6
Carlisle,16UD,2005,221.9,120.8,0.1,40.3,34.2,417.3,110,140.7,34.7,285.4,98.3,128.9,51.3,11.2,4.2,294,29.4,1026,105.6,9.7
Copeland,16UE,2005,63.9,19.5,0,9.8,13,106.1,72.5,97.9,13.2,183.6,55.3,0,27.7,2,0.5,85.4,-2.6,372.4,69.9,5.3
Eden,16UF,2005,174.7,144.3,346.5,32.4,56.5,754.4,73.2,35.7,58.8,167.6,154.2,271.9,62,9.1,1.5,498.7,11.1,1431.8,51.7,27.7
South Lakeland,16UG,2005,190.6,157.9,6,49.6,38.1,442.1,138.2,137.2,35.7,311.2,212.1,167.6,64.5,4.9,4.3,453.3,11.8,1218.4,104.3,11.7
Cumbria Total,,2005,1150.4,683.1,621,201,183.6,2839.1,563.8,635.7,185.1,1384.6,688.9,568.4,287.3,29.6,12.3,1586.5,81.3,5891.4,497,11.9
Halton,00ET,2005,327.2,119.6,677.9,71.1,0.9,1196.7,113.1,169.5,59.6,342.2,130.9,61,70.7,21.5,1.8,285.8,1.9,1826.7,120.4,15.2
Knowsley,00BX,2005,357.3,190.8,2,67.8,1.2,619,141.8,197.4,9.9,349.1,101.7,102.7,139,6.6,1.7,351.6,4.7,1324.3,148.9,8.9
Burnley,30UD,2005,143,67.7,0.1,29.4,1.6,241.7,82.4,136,4.1,222.5,64.8,36.7,42.5,0.7,3.2,147.8,1.1,613,87.6,7
Chorley,30UE,2005,108.3,49.8,5.9,18.7,4.8,187.6,101.1,152,12.5,265.7,70.3,255.4,69,4.5,4.9,404,7.6,864.9,103.3,8.4
Fylde,30UF,2005,140.1,102.2,0,33.1,4.7,280.3,87.6,118.7,6.3,212.6,76.4,58.5,55.6,6.8,8,205.3,23.3,721.5,74.8,9.6
Hyndburn,30UG,2005,106.4,60.4,0,33.7,1.6,202,75.8,121,19.1,215.8,51.2,61.3,63.3,0.4,3.5,179.7,1.4,598.8,81.3,7.4
Lancaster,30UH,2005,180.8,114.9,14.9,37.2,18.4,366.1,133.3,181.2,28.6,343.2,95.4,195.4,94.6,4.9,8.9,399.2,13.6,1122.1,136.8,8.2
Pendle,30UJ,2005,139.4,61.8,0,44.4,5.1,250.7,83.2,134,6.9,224.1,46.3,27.4,52.9,1.7,4.4,132.7,2.3,609.8,88.3,6.9
Preston,30UK,2005,246.2,112.6,0.1,33.6,5.3,397.8,128.3,182.2,11.7,322.2,73.4,173.6,91.6,3,3.5,345.1,4.3,1069.3,136.2,7.9
Ribble Valley,30UL,2005,192.8,64.2,1003.3,36.4,18.9,1315.6,62.1,79.8,18.7,160.5,68.2,0,54.9,2.6,0.9,126.7,4.5,1607.2,56.4,28.5
Rossendale,30UM,2005,143.9,86.6,0,28.2,1.6,260.2,67.6,114.9,15.7,198.1,79.5,3.8,46.8,0,0.8,130.9,1.9,591.2,65.9,9
South Ribble,30UN,2005,153.7,75.5,0,37.9,3,270.1,102.1,156.2,13,271.4,87.5,126.1,78.5,1,1.3,294.2,5.2,840.9,105.8,7.9
West Lancashire,30UP,2005,189.4,101.7,95.6,50,4.9,441.6,115.1,153.7,21.2,290,96.7,76.2,90.2,1.6,6.4,271.2,102.1,1104.9,109.8,10.1
Wyre,30UQ,2005,137.6,73.7,0,40.3,9.2,260.9,116.3,158.8,13.6,288.7,63.8,100.9,83.2,1.3,8.6,257.9,43.2,850.7,108.2,7.9
Lancashire Total,,2005,1881.7,971,1119.9,422.8,79.1,4474.4,1154.8,1688.5,171.4,3014.7,873.5,1115.4,823.1,28.3,54.5,2894.7,210.4,10594.2,1154.4,9.2
Liverpool,00BY,2005,726.7,356.4,5.4,51.1,0.8,1140.4,452.2,608.5,14.7,1075.3,272.6,5.4,320,10.9,14.6,623.5,4,2843.1,452.3,6.3
Manchester,00BN,2005,976.5,419.3,29.1,64.6,0.4,1489.8,426,585,13.5,1024.4,243.9,164,284.3,6.8,35,734,3.2,3251.4,455.7,7.1
Oldham,00BP,2005,273.2,119.9,4.6,55.8,1,454.5,194.5,326.2,8.6,529.2,117.5,48.7,99.6,2.9,1.7,270.4,2.2,1256.4,219.3,5.7
Rochdale,00BQ,2005,285.9,135.4,0,58.5,1.6,481.4,191.6,306,8.6,506.2,115.4,259.9,103.9,2.2,2.3,483.7,3.3,1474.6,207.2,7.1
Salford,00BR,2005,393.4,159.9,6,42.2,0.4,601.9,225.2,308.6,7.8,541.6,178.9,287.9,137.9,5.9,2.2,612.8,30.8,1787.1,219.5,8.1
Sefton,00CA,2005,269.7,144.1,155.3,27.2,1.1,597.5,282.8,427.7,13.1,723.6,159.9,25.5,113.2,11.4,2.7,312.7,10.5,1644.3,277,5.9
St. Helens,00BZ,2005,295.5,385.6,444.9,53.9,1.3,1181.2,157.9,256.6,10.8,425.4,130.1,135.8,75.7,17.8,1.3,360.8,9.2,1976.6,175.4,11.3
Stockport,00BS,2005,386.8,167.3,0.4,47.1,1.6,603.3,287.9,463.5,10.2,761.7,161.3,124.2,176.6,5.7,5.3,473.1,3.3,1841.3,281.2,6.5
Tameside,00BT,2005,302.4,145,0.1,74.3,0.9,522.7,204,323.3,8.6,536,93.5,99.9,97.4,6.5,3,300.3,2.4,1361.4,213.5,6.4
Trafford,00BU,2005,724.1,360.6,3.1,46.8,0.7,1135.4,221.5,355,7.5,584,110.6,101.6,170.3,2.2,2.1,386.6,8.2,2114.3,215.4,9.8
Warrington,00EU,2005,384.1,245.4,4.7,64.8,2,701,187.1,288.2,10.4,485.7,143.6,401.7,131,12.2,2.2,690.7,13.3,1890.6,193,9.8
Wigan,00BW,2005,377.1,211.2,6.7,82.4,1.8,679.1,284.3,439,22.2,745.6,184.4,166.1,161.9,9.3,7.4,529.1,11.9,1965.7,306.1,6.4
Wirral,00CB,2005,405.8,185.2,0.2,57.4,2.7,651.3,323,490.9,19.3,833.3,163,99.9,175.8,0.2,1.7,440.6,6.3,1931.5,314.9,6.1
North West Total,,2005,12068.3,6348.6,5630.2,1967.4,355.7,26370.2,6879.9,9968.8,815.4,17664.1,5151.8,5124,4234.2,216.2,266.7,14993,487,59514.3,6870,8.7
Barnsley,00CC,2005,327.9,248.9,65.7,101.6,5,749.1,200.1,343.9,20.8,564.8,181.1,177.6,152.1,4.8,1.7,517.2,1.6,1832.8,222.6,8.2
Bradford,00CX,2005,660.4,465.1,8.4,144.4,6.3,1284.6,469.4,725.8,21.4,1216.7,269.9,14,322.3,1.3,7.3,614.8,5.6,3121.7,491.4,6.4
Calderdale,00CY,2005,287.2,164.1,9.1,112.2,4.1,576.7,209.1,309.2,28.3,546.5,158.2,154.4,117.3,4,5.6,439.3,5.3,1567.8,196.3,8
Doncaster,00CE,2005,527.8,247.1,39.6,70.9,7.3,892.6,271.1,431.1,118.7,821,249.9,428.6,229.8,33.2,12.8,954.2,70.7,2738.5,292.2,9.4
East Riding of Yorkshire,00FB,2005,484.1,305.7,835.2,189.1,40.7,1854.9,359.2,437.5,81.3,878,424.9,183.2,259.5,15.7,7.2,890.4,58.9,3682.1,327.3,11.3
"Kingston upon Hull, City of",00FA,2005,491.4,279.2,6.5,121.2,0.6,898.9,253.3,327.3,8.7,589.3,142.2,0,186.3,0.8,1.3,330.5,2.7,1821.3,255.2,7.1
Kirklees,00CZ,2005,574.3,372.4,2.7,152.1,6.4,1107.9,390.1,613.2,21.4,1024.7,239.7,258.4,207.1,10.4,5.6,721.2,3.4,2857.2,400.7,7.1
Leeds,00DA,2005,1264.1,603.3,99,174.4,7.2,2147.9,773,1046.1,32.6,1851.8,592.4,597.1,487.5,17.5,20.2,1714.7,7.3,5721.7,735.1,7.8
North East Lincolnshire,00FC,2005,342.9,537.7,474.7,63.3,2.6,1421.1,156.4,225.7,8.8,390.9,129.6,0,111.9,2.2,1,244.7,5.5,2062.2,158.7,13
North Lincolnshire,00FD,2005,597.5,172.1,8827,82.7,11,9690.3,159.6,223.7,63.8,447.1,183.7,193.6,116,19.9,8.4,521.7,111.8,10770.9,159.7,67.4
Craven,36UB,2005,86.8,30.7,4.5,24.2,26.6,172.8,66.6,72.3,17.1,156,104.5,0,58.2,5.2,7.8,175.7,6.5,511.1,54.9,9.3
Hambleton,36UC,2005,174.4,54.9,0.5,39.4,27.3,296.5,101,81.3,55.7,238,351.5,0,77.8,21.9,2.8,454,28,1016.4,86,11.8
Harrogate,36UD,2005,256,110.3,0,46.8,29.1,442.2,176.9,217.8,54,448.7,250.1,226.3,113.7,2.1,3.4,595.5,31,1517.4,153.7,9.9
Richmondshire,36UE,2005,59.4,35.3,0,17.2,22.2,134,59.6,44.4,32.5,136.4,152.3,46.9,64.2,0.6,1.1,265.1,1.8,537.3,50.4,10.7
Ryedale,36UF,2005,102.3,57.5,0.9,42.4,26.4,229.5,64.5,42.8,39.9,147.2,126,0,72.9,2.3,1.6,202.7,16,595.4,51.9,11.5
Scarborough,36UG,2005,176.4,103.6,0.1,37.4,13.7,331.1,127.3,157.5,20,304.9,110,0,70.1,7.3,1.3,188.7,4,828.8,108.8,7.6
Selby,36UH,2005,218.7,261.2,73.2,65.1,8.7,626.9,89.9,82.9,33.9,206.7,200.4,108.4,36.9,17.4,9,372.1,8.5,1214.1,78.4,15.5
North Yorkshire Total,,2005,1074,653.4,79.2,272.5,153.9,2233,685.8,698.9,253.2,1637.9,1294.8,381.5,493.7,56.7,27,2253.8,95.7,6220.4,584.1,10.6
Rotherham,00CF,2005,417.8,454.3,227.1,99.5,3.1,1201.7,227,384.9,30.2,642.1,179.5,234.8,176.8,15,4.9,611,-0.6,2454.2,252.7,9.7
Sheffield,00CG,2005,963.5,562.9,160.4,113.7,3.4,1803.9,472.8,793.1,19.8,1285.7,275.4,109.2,302.1,9,3.9,699.6,-7.1,3782,525.7,7.2
Wakefield,00DB,2005,602.3,347.6,135.1,126.1,3.7,1214.7,305.5,461.7,27.5,794.7,228,392.1,182.5,17.4,8.2,828.2,3.4,2841,318.8,8.9
York,00FF,2005,277.5,223.6,0.1,28.5,4.3,533.9,186.1,264,11.6,461.7,192,0,110.8,7.7,3.4,313.9,3.8,1313.4,188.2,7
Yorkshire and the Humber Total,,2005,8892.5,5637.2,10969.7,1852.1,259.6,27611.1,5118.5,7286.3,747.9,13152.7,4741.4,3124.4,3455.5,215.6,118.3,11655.2,368.1,52787.2,5108.7,10.3
Derby,00FK,2005,415.1,252.1,41.4,59.8,0.8,769.3,233.5,317.3,6.9,557.6,170.8,0,235.4,11.9,1.9,419.9,1.4,1748.2,236.5,7.4
Amber Valley,17UB,2005,239.1,111.2,0.8,106,7.9,464.9,125.8,181.9,4.1,311.7,137.2,0,83.4,16.1,1.3,237.9,2.2,1016.8,119.2,8.5
Bolsover,17UC,2005,102.1,59,426.9,29.7,2.2,619.9,68.3,105.4,4,177.6,52.1,269.6,51.4,3.2,0.9,377.2,-1.8,1172.8,73.8,15.9
Chesterfield,17UD,2005,200.8,79.9,0.2,31.1,0.8,312.8,93.9,155.3,3.1,252.3,52.2,32.9,70.4,6.9,0.8,163.2,-0.4,727.8,101.3,7.2
Derbyshire Dales,17UF,2005,176.2,61.6,0,67.4,25.8,331,86.4,98.1,8,192.6,152.8,0,104.9,1.5,1.5,260.7,2,786.3,69.5,11.3
Erewash,17UG,2005,165,67.3,20.9,45.7,2.2,301,109.5,163.2,3.6,276.3,85.8,131.7,56.6,9.5,3.6,287.3,1.7,866.3,110.1,7.9
High Peak,17UH,2005,329.9,95.3,2339.6,57.6,5,2827.3,94.3,142.9,12,249.2,111.4,0,54.4,6.1,1.4,173.3,0.5,3250.3,89.6,36.3
North East Derbyshire,17UJ,2005,164.7,45.8,0,43.2,5.2,258.8,92.2,149.6,3.3,245,76.6,95.4,75.2,8.7,1,257.1,-0.7,760.2,97.7,7.8
South Derbyshire,17UK,2005,179.8,87.2,0.2,42.2,8.8,318.3,90.6,113.3,6.3,210.3,237.6,0,52.7,18.8,12.5,321.7,5.7,855.9,87.8,9.7
Derbyshire Total,,2005,1557.5,607.3,2788.6,422.8,57.8,5434,761,1109.7,44.4,1915,905.7,529.7,549,70.8,23.1,2078.3,9.1,9436.4,749,12.6
Leicester,00FN,2005,622.2,338.5,1.5,90.6,0.6,1053.5,253.5,409.5,9.1,672,168.7,0,184.2,2.3,3.6,358.7,1.3,2085.5,301.5,6.9
Blaby,31UB,2005,113.8,43.4,0,35,2.5,194.7,89.9,137.3,2.8,230,59.2,238.8,84.9,4.6,1.9,389.4,3.1,817.2,91.7,8.9
Charnwood,31UC,2005,275.1,142,0.6,64.9,5.7,488.2,151.5,225.7,5.1,382.2,168.1,62.3,78.4,17.4,6.6,332.8,5.1,1208.3,155.8,7.8
Harborough,31UD,2005,123.3,43,0,33.9,15.9,216.2,92.3,110.5,5.4,208.2,109.7,181.1,72.9,3.8,4,371.5,14.3,810.1,80.5,10.1
Hinckley and Bosworth,31UE,2005,172.4,81.8,9.5,65.2,6.2,335,107.9,144.6,3.2,255.8,90.7,134.1,80.5,2.4,8.1,315.8,4.2,910.7,102.4,8.9
Melton,31UG,2005,99.4,46.2,0.2,30.5,11.7,187.9,58.3,58.3,3.8,120.4,60.1,0,59.1,4.5,0.5,124.2,9.9,442.4,48.6,9.1
North West Leicestershire,31UH,2005,224.2,139.9,3.5,76.5,5.9,449.9,97.3,123.7,14.5,235.5,211.8,220.6,64.6,13.8,17.6,528.4,3.6,1217.3,89.6,13.6
Oadby and Wigston,31UJ,2005,67.9,36.5,0,14.8,0.3,119.5,49.9,83.2,1.7,134.8,13.6,0,33.9,1.7,1.1,50.3,0.8,305.4,56.2,5.4
Leicestershire Total,,2005,1076.1,532.6,13.8,320.7,48.1,1991.3,647.1,883.2,36.5,1566.8,713.1,836.8,474.4,48.2,39.8,2112.3,40.9,5711.3,624.8,9.1
Boston,32UB,2005,121.5,17.6,8.4,35.1,4.6,187.2,70,68.2,8.2,146.4,95.4,0,40,0.5,1.5,137.3,6.8,477.7,58.6,8.2
East Lindsey,32UC,2005,232.6,50.3,0.6,56.6,26.8,367,172,124.6,53.4,349.9,200.5,0,108.8,0.7,3.4,313.3,28.6,1058.8,135.5,7.8
Lincoln,32UD,2005,172.7,80.2,0.1,23.1,0.3,276.4,86.3,117.8,2.7,206.8,32.1,0,31.6,1.4,1.4,66.5,1.8,551.5,88.6,6.2
North Kesteven,32UE,2005,162.3,42.3,0.2,41.3,14.4,260.5,113.7,110.4,15.7,239.8,188.5,0,59.7,3.2,3.6,254.9,32,787.2,100.7,7.8
South Holland,32UF,2005,168.9,49.3,0,37.8,8.8,264.8,101.1,86,9.5,196.5,136.6,0,70.6,7.1,1.4,215.7,12.9,689.9,81.7,8.4
South Kesteven,32UG,2005,228.8,94.8,0.1,109,13.5,446.1,149.7,146.6,13.7,309.9,282.8,0,61.8,9.3,1.5,355.4,34.7,1146,127.7,9
West Lindsey,32UH,2005,112.7,30.9,0,34.8,18.9,197.2,98.2,95.2,34.5,227.8,161,0,65.6,9.4,4.6,240.5,38.9,704.5,84.6,8.3
Lincolnshire Total,,2005,1199.5,365.3,9.4,337.7,87.3,1999.2,791,748.6,137.5,1677.1,1096.9,0,438,31.5,17.3,1583.7,155.7,5415.7,677.4,8
Corby,34UB,2005,230.1,196.7,0.3,38.8,1,466.9,53.7,81.8,6.5,142,54.3,0,38.2,1.9,0.8,95.3,-1.8,702.3,54.5,12.9
Daventry,34UC,2005,144.7,38.4,0,48.8,15.4,247.3,97.6,81.8,9.3,188.7,240.9,289.1,79.8,2.2,2,614,18.4,1068.3,75.7,14.1
East Northamptonshire,34UD,2005,93.3,31.6,0,29.4,6.4,160.7,94.7,101.6,5.8,202.1,201.7,0,64,1,13.4,280.1,0.7,643.6,81.9,7.9
Kettering,34UE,2005,128.1,57.4,1,44.7,4,235.2,93.2,125.2,3.3,221.7,232.1,0,72.2,5.7,1.3,311.2,1.1,769.2,86.6,8.9
Northampton,34UF,2005,398.4,149,0.7,56.7,0.9,605.6,212.6,274.1,7.7,494.5,199.5,2.1,108.5,0.5,3,313.6,2,1415.7,196.8,7.2
South Northamptonshire,34UG,2005,122.3,21.4,0,24.3,12.9,180.8,107.1,94.2,8.1,209.4,220.2,308.5,73.1,18.6,3.1,623.5,13.3,1027.1,84.9,12.1
Wellingborough,34UH,2005,132.5,47.6,0,48.8,2.6,231.5,76.8,102.7,2.5,182,132.4,0,50.8,4.3,4.1,191.5,2.3,607.3,74,8.2
Northamptonshire Total,,2005,1249.5,542,1.9,291.5,43.1,2128,735.8,861.6,43.1,1640.4,1281.1,599.7,486.5,34.1,27.7,2429.1,36,6233.5,654.4,9.5
Nottingham,00FY,2005,550.5,297,4.4,60.1,0.5,912.5,276,376.9,8.6,661.5,191.8,4,195.4,4.4,4.2,399.8,0.2,1974,284.8,6.9
Ashfield,37UB,2005,199.7,64.2,0,47.2,1.5,312.6,107.5,173.7,3.6,284.8,61.8,92.8,82.1,2.4,0.9,239.9,-1.3,836,115,7.3
Bassetlaw,37UC,2005,249.9,175.1,10.8,65.3,9.9,511.1,115.9,135.6,27.4,278.9,235.2,29,110.5,11.5,4.1,390.4,23.6,1203.9,110.5,10.9
Broxtowe,37UD,2005,103.1,50.9,66.9,40.1,1.1,262,105.6,169.5,3.8,278.9,91.7,168.6,56,5.2,4.2,325.6,0.2,866.8,108.3,8
Gedling,37UE,2005,88.5,46.4,3,62.2,1.6,201.7,115.9,175,3.6,294.5,53.5,0,54.4,5,2.8,115.6,0.5,612.4,111.9,5.5
Mansfield,37UF,2005,150.1,43.2,0,24.9,0.8,219.1,93.6,156.6,4,254.2,70.6,0,56.6,1.1,0.7,129,-0.7,601.6,100.4,6
Newark and Sherwood,37UG,2005,219.1,163,0,75.8,10.6,468.5,119.3,148.5,10,277.8,299,0,96.7,6.5,9.7,411.9,7.2,1165.4,110.6,10.5
Rushcliffe,37UJ,2005,106.8,43.1,105.3,24.1,7.8,287.1,113.9,166,3.4,283.3,206.4,0,53.3,3.2,8.9,271.8,8.7,850.9,107.8,7.9
Nottinghamshire Total,,2005,1117.2,585.9,186.1,339.7,33.3,2262.1,771.7,1124.9,55.8,1952.4,1018.1,290.4,509.7,34.9,31.2,1884.2,38.3,6137,764.5,8
Rutland,00FP,2005,197.7,15,1000,38.1,6.1,1256.8,43.6,44,1.8,89.5,128.6,0,28.7,6.2,0.9,164.4,2.2,1512.8,36.1,41.9
East Midlands Total,,2005,7985.2,3535.7,4047.2,1960.9,277.6,17806.6,4513.1,5875.7,343.7,10732.4,5674.7,2260.6,3101.1,244.2,149.7,11430.2,285.1,40254.2,4329,9.3
Birmingham,00CN,2005,1669,853.2,89.6,188,1.1,2800.8,928,1356.5,31.1,2315.5,441.3,208.7,848.1,32.2,20.8,1551.1,8.1,6675.5,1014.7,6.6
Coventry,00CQ,2005,551.4,282.2,1.1,81.6,0.8,917.1,296.8,398.8,9.7,705.3,149.8,49.1,264.9,6.6,6.6,477.1,1.7,2101.2,298.4,7
Dudley,00CR,2005,363.4,197.5,0.6,78.2,0.5,640.1,293.5,434.9,9.4,737.7,166.3,56.7,224,2.9,5,454.9,2.5,1835.2,307,6
"Herefordshire, County of",00GA,2005,323.1,132.9,7,141.4,60.3,664.7,218.6,145.9,113.2,477.7,300.5,25.1,136.5,15.1,1.6,478.7,47.5,1668.6,176.6,9.4
Sandwell,00CS,2005,540.9,304.3,6.4,119.7,0.3,971.6,259.5,382.6,9.2,651.3,159.1,164.4,210.8,5,6.8,546.1,2.3,2171.2,290.4,7.5
Shropshire,00GG,2005,503.9,161.5,0.1,140.9,94.8,901.1,335.5,270.2,203.4,809.1,464.9,67.5,207.6,22.8,44.4,807.2,62.9,2580.3,291.5,8.9
Solihull,00CT,2005,285.6,142.6,3.1,34.6,2.6,468.5,215.6,305,10.4,531,112.4,244,228.1,12.9,20,617.3,4.9,1621.8,201.6,8
Cannock Chase,41UB,2005,107.1,52.5,0,32.9,0.9,193.4,89.5,137.6,12,239.1,65.4,17.2,40.8,2.8,3.5,129.6,0.6,562.7,94.8,5.9
East Staffordshire,41UC,2005,284.2,134.8,5.8,67.6,15.8,508.2,117.3,134.9,10.3,262.5,174.6,0,75.8,6.6,9.3,266.3,4.5,1041.4,107.6,9.7
Lichfield,41UD,2005,137.1,43.7,0,41.9,7.2,229.8,100.9,142,22,264.9,219,56.6,45.8,9.6,19,350,1.7,846.4,96.3,8.8
Newcastle-under-Lyme,41UE,2005,121.2,109.1,0,27.8,7.7,265.7,109.5,183.4,12.1,305,136.6,226.9,86.6,1.3,4.4,455.8,2.7,1029.1,123.2,8.4
South Staffordshire,41UF,2005,86.8,98.5,2.7,37,9.5,234.5,107.3,145.8,19.4,272.5,137,344.3,68.7,2.7,30.6,583.2,8.7,1098.9,106.4,10.3
Stafford,41UG,2005,183.6,88.6,0,72.3,21.3,365.8,128.7,163.3,29.7,321.8,170.9,378.2,79.5,1.9,32.5,663,10.9,1361.5,124.4,10.9
Staffordshire Moorlands,41UH,2005,172.7,81.5,694.4,71,21.8,1041.4,93.4,134.6,29.4,257.4,115.7,0,66.5,0.7,5.2,188,1.7,1488.5,95.3,15.6
Tamworth,41UK,2005,122.2,42,0,22.5,0.3,187,77.7,96.3,2.4,176.3,38.7,0,37.4,4.6,4.3,84.9,0.2,448.4,74.7,6
Staffordshire Total,,2005,1214.9,650.7,702.9,372.9,84.3,3025.7,824.4,1137.9,137.3,2099.5,1057.9,1023.3,500.9,30.1,108.7,2720.8,30.9,7877,822.7,9.6
Stoke-on-Trent,00GL,2005,401.5,286.3,44,103.5,1.6,836.8,206.6,358.1,8.8,573.5,212.3,0,127.1,4.4,11,354.9,0.7,1765.8,241.5,7.3
Telford and Wrekin,00GF,2005,364.2,140.6,85.7,80.9,5.4,676.8,142.5,201.9,14.2,358.6,130.8,34.5,165.4,4,1.3,335.9,5.8,1377.1,161.5,8.5
Walsall,00CU,2005,384.8,218,0.1,85.6,1.1,689.5,239.2,363.5,8.9,611.6,135.2,144.6,156,2.9,4.2,442.9,2,1746,258.2,6.8
North Warwickshire,44UB,2005,199.6,81.9,0,55.4,4.7,341.6,70.5,80,3.2,153.6,105.5,443.2,66.7,15.9,11.8,643,3.2,1141.4,61.9,18.4
Nuneaton and Bedworth,44UC,2005,142.1,52.6,0,23.4,0.9,218.9,123.6,163.1,3.8,290.5,57.5,49.8,109.7,8.4,9.5,234.8,0.7,745,121,6.2
Rugby,44UD,2005,260,73.6,1056,35.7,7.4,1432.7,105.7,126.5,3.3,235.5,160.5,241.6,91.3,1.6,2.8,497.8,8.1,2174,91.3,23.8
Stratford-on-Avon,44UE,2005,177.5,47.5,0,56.4,21.3,302.6,154,121,44.2,319.2,197.5,241.3,120.1,18.6,9.6,587.1,26.7,1235.6,114.8,10.8
Warwick,44UF,2005,290.4,71.4,0,48.5,4.9,415.2,148.8,175.9,8.4,333.1,172.9,197.4,108.5,18.9,13.5,511.1,5.7,1265.1,134.6,9.4
Warwickshire Total,,2005,1069.5,326.9,1056.1,219.4,39.1,2710.9,602.6,666.5,62.9,1331.9,694,1173.2,496.3,63.3,47.1,2473.8,44.5,6561.1,523.6,12.5
Wolverhampton,00CW,2005,387.8,214.5,0.3,57.9,0.3,660.8,226.5,337,7.4,570.9,123.4,0,181.9,2.2,9.2,316.7,1.8,1550.1,241.6,6.4
Bromsgrove,47UB,2005,73.1,37.2,0,25.9,5,141.3,96,139.6,11.2,246.8,125.9,314.8,54.5,10.9,7.5,513.7,8.4,910.2,91,10
Malvern Hills,47UC,2005,53,22.4,0,35.7,15.8,126.7,93.5,69.3,47.8,210.6,79.6,152.2,91.6,1.5,12.8,337.7,16.5,691.5,73.4,9.4
Redditch,47UD,2005,144.6,55.1,9,45.9,1,255.5,74.6,107.4,4.2,186.2,44,0,54.4,0,1,99.4,1.7,542.9,80.1,6.8
Worcester,47UE,2005,186.3,56.3,0.4,31.2,0.4,274.5,92.9,121.1,15.1,229.1,50.5,1.6,56.2,0.8,4.2,113.3,1.1,617.9,94.5,6.5
Wychavon,47UF,2005,192.1,134.4,1.8,102.8,14.4,445.4,138.8,120.2,42.8,301.8,176.8,296.1,96,10.9,11.8,591.6,22.1,1360.9,114.7,11.9
Wyre Forest,47UG,2005,134.8,47,0,72.9,3.7,258.3,100.5,127.6,21.4,249.6,93.5,0,59,0.7,7.4,160.5,5.5,673.9,97.6,6.9
Worcestershire Total,,2005,783.8,352.4,11.2,314.3,40.1,1501.8,596.3,685.4,142.4,1424.1,570.2,764.8,411.6,24.8,44.7,1816.1,55.2,4797.2,551.3,8.7
West Midlands Total,,2005,8843.8,4263.2,2008.1,2018.7,332.3,17466.1,5385.6,7044,768.2,13197.7,4718.1,3955.6,4159.1,229.3,331.3,13393.4,270.6,44327.9,5380.6,8.2
Bedford,00KB,2005,234.9,70.2,58.1,43,6.6,412.8,158.1,183,11.9,353.1,183.7,0,96.8,30.1,5.7,316.3,5.9,1088,151.7,7.2
Central Bedfordshire,00KC,2005,297.4,86.3,0,86.5,10,480.2,268.1,306.2,16.6,590.9,295.3,333,155.7,12.7,3.8,800.4,3.1,1874.7,242.1,7.7
Bedfordshire Total,,2005,532.3,156.4,58.1,129.6,16.6,892.9,426.3,489.2,28.5,944,479.1,333,252.4,42.8,9.5,1116.7,9.1,2962.7,393.8,7.5
Cambridge,12UB,2005,271.2,131.2,1.8,21,0.3,425.7,102.7,138.2,3.4,244.3,55.1,11,48.8,0.3,2.3,117.5,0.1,787.6,117.2,6.7
East Cambridgeshire,12UC,2005,107.5,37.6,0,55.7,7.3,208.1,93.4,73.1,19.5,186,196.7,0,67.4,8.9,9.4,282.5,167.8,844.3,77.2,10.9
Fenland,12UD,2005,184.5,130.8,135.6,69.7,6.3,526.8,106.3,103.8,17.1,227.2,91.8,0,101.8,7.3,5.8,206.6,157.1,1117.7,89,12.6
Huntingdonshire,12UE,2005,371.9,79.6,0.6,89.1,9.9,551.1,180.3,189.4,26.4,396,423.9,152.3,150.6,2.3,13.4,742.4,132.1,1821.7,162.8,11.2
South Cambridgeshire,12UG,2005,267.3,99.4,295.8,105.2,11.2,778.9,166.3,129.7,42,338,422.7,135.9,82.5,5.6,9.4,656.1,14.8,1787.8,137.4,13
Cambridgeshire Total,,2005,1202.3,478.7,433.9,340.7,35,2490.6,649,634.1,108.4,1391.4,1190.2,299.2,451,24.5,40.3,2005.1,471.9,6359,583.6,10.9
Basildon,22UB,2005,283.9,93.9,0.1,56.8,1.5,436.1,184,221.7,5.4,411.1,187.5,0,124.3,0,1.7,313.5,-0.3,1160.4,168.9,6.9
Braintree,22UC,2005,177.2,55.3,0.2,83.9,7.3,323.9,163.3,147.4,26.6,337.3,224.8,0,148.3,0.7,1.8,375.6,-6.7,1030.1,139.2,7.4
Brentwood,22UD,2005,89.7,30.7,0,20.4,1.9,142.7,83.5,116.3,2.2,202,166,57.1,62.7,0.5,1.2,287.5,0,632.2,70.5,9
Castle Point,22UE,2005,50.5,17.6,0,15,0.6,83.7,96.2,133.3,2.8,232.3,48.6,0,69.5,0,1,119,0.2,435.2,87.5,5
Chelmsford,22UF,2005,213.7,62.3,0,76.5,4.5,356.9,190.1,194,18.5,402.6,270.3,0,115.1,0.6,1.8,387.8,-3.2,1144.1,163.6,7
Colchester,22UG,2005,232.9,74.6,0.1,52.5,4,364,175.2,188.1,20.3,383.5,223.3,0,145.3,0.8,1.8,371.2,-2.2,1116.5,162,6.9
Epping Forest,22UH,2005,120.5,115.7,0,21.9,3.7,261.8,148.9,177.7,12.1,338.7,87,434.4,113,0,2,636.4,-1.8,1235.1,121.7,10.1
Harlow,22UJ,2005,196.5,79.1,66.2,34.9,0.3,376.9,75.8,103.5,2.4,181.7,43.1,20,47.2,0.1,0.7,111,-0.2,669.4,78.4,8.5
Maldon,22UK,2005,107.8,20.4,0,27.6,5.3,161.1,79,53.3,26,158.4,12.4,0,72,0,0.7,85,0.9,405.4,60.7,6.7
Rochford,22UL,2005,82.3,20.6,0,19.1,2.7,124.6,88.1,119.6,3.2,210.9,39.6,0,63.7,0,3.6,106.9,2.5,444.8,80.8,5.5
Tendring,22UN,2005,136.7,48.3,0,28,3.9,217,166.1,178.7,12.4,357.2,95,0,164.3,0.4,1.2,260.8,1.5,836.5,140.3,6
Uttlesford,22UQ,2005,125.7,42,0,33.5,7.3,208.5,93,76.3,17.8,187.1,76,246.2,130.3,11.3,30.9,494.7,-8.8,881.5,71.6,12.3
Essex Total,,2005,1817.2,660.5,66.6,470,42.9,3057.2,1543.2,1709.7,149.8,3402.7,1473.6,757.6,1255.6,14.4,48.3,3549.5,-18.3,9991.2,1345.2,7.4
Broxbourne,26UB,2005,109.1,43.4,0,23.2,0.6,176.3,97.9,115.3,2.8,216,72.6,0,57.4,0.1,0.7,130.8,-1.7,521.4,88.8,5.9
Dacorum,26UC,2005,193.9,113.6,0,24.9,3.3,335.6,149.1,199.5,6.8,355.4,135.2,56.9,103.4,1,1.1,297.5,2,990.5,138.6,7.1
East Hertfordshire,26UD,2005,185.8,66.6,5.5,55.7,6.6,320.3,162.3,166.9,10.3,339.5,177.3,0,120.3,0.2,1.3,299.1,-7.6,951.3,131.1,7.3
Hertsmere,26UE,2005,164.1,66.4,0,17.7,1.3,249.4,106.4,147.2,3.1,256.7,84.1,229,82.2,0.5,1.3,397,0.5,903.6,94.3,9.6
North Hertfordshire,26UF,2005,155,68.4,0,42.3,5.8,271.5,132.9,158.4,12.5,303.9,104.4,82.2,114.6,1.3,1.2,303.7,-1.3,877.8,120.8,7.3
St. Albans,26UG,2005,150.3,70.2,0,18.7,2.1,241.3,144.4,207.9,4.2,356.5,112.5,314.6,102,0.5,2.1,531.6,-0.3,1129.1,132,8.6
Stevenage,26UH,2005,174.7,67.3,1.6,16.1,0.2,259.8,75.3,102.2,3.4,180.9,47.3,43.5,48.5,2.3,0.9,142.5,-0.1,583,80.3,7.3
Three Rivers,26UJ,2005,101.3,35.7,0,13,1.5,151.4,93.9,132.2,2.7,228.8,54.4,214.7,72.3,0.2,1.6,343.1,0.6,724,84.3,8.6
Watford,26UK,2005,167.4,39.1,0,13.7,0.1,220.3,82.8,117.2,2.5,202.5,57.6,11.1,41.3,0.2,1.1,111.3,0.2,534.2,82.1,6.5
Welwyn Hatfield,26UL,2005,206.1,78.7,0,36.4,1.6,322.8,106,143.6,3.5,253.1,66.5,125,95.3,7.7,1.6,296.1,-3.8,868.2,103.2,8.4
Hertfordshire Total,,2005,1607.6,649.2,7.1,261.8,23.1,2548.7,1150.9,1490.4,51.8,2693,911.9,1076.9,837.3,13.9,12.7,2852.7,-11.5,8082.9,1055.5,7.7
Luton,00KA,2005,264.6,107.3,0,38,0.4,410.2,168.5,247.4,5.7,421.6,52.9,35.2,113.8,6.4,18,226.2,0.1,1058,185.4,5.7
Breckland,33UB,2005,193.6,45.4,0,59.7,13.3,312,156.2,94.3,56.8,307.3,265,0,150.3,2.8,1.4,419.5,-42.6,996.2,125.5,7.9
Broadland,33UC,2005,108.8,30.3,160.7,68.8,7.1,375.6,138.1,140,25.1,303.2,136.8,0,98.6,1.4,26.5,263.2,-9.3,932.6,121.6,7.7
Great Yarmouth,33UD,2005,121.8,32.5,0,20.7,2.7,177.8,110.5,92,29.7,232.2,69.1,0,60.3,0.4,20.4,150.1,1.2,561.2,94.1,6
King's Lynn and West Norfolk,33UE,2005,270.9,331.8,14.9,61.1,17,695.6,200.1,104.5,77.3,381.9,258.6,0,163.2,0.1,10.8,432.7,172.6,1682.8,141,11.9
North Norfolk,33UF,2005,167.2,48.2,0.8,56,12.7,284.8,147,80.6,56.9,284.4,99.4,0,120.7,0.9,24.8,245.9,-15.9,799.3,99.6,8
Norwich,33UG,2005,284.4,111.3,0,35.1,0.3,431.2,115.1,167.1,3.6,285.8,76.5,0,66.4,3.6,10,156.4,-0.4,873,125.6,7
South Norfolk,33UH,2005,158,45.1,0.1,83.5,12.8,299.4,147.9,82.9,61.9,292.7,273,0,124.5,4.8,27.1,429.3,-9.5,1012,115.4,8.8
Norfolk Total,,2005,1304.8,644.5,176.4,384.9,65.9,2576.4,1014.8,761.4,311.3,2087.5,1178.5,0,784,13.8,120.9,2097.1,96.1,6857.1,822.8,8.3
Peterborough,00JA,2005,360.2,100.2,0,48.7,3.2,512.2,161.8,212.9,12.7,387.4,278.6,0,165,6.9,7.9,458.5,4.4,1362.4,167.2,8.1
Southend-on-Sea,00KF,2005,200.3,61.8,2.8,40.3,0.3,305.5,186.3,261.1,4.8,452.2,68.2,0,93.1,15.3,3.9,180.4,0.8,938.9,162.6,5.8
Babergh,42UB,2005,125.8,35.6,0,67.2,6.9,235.5,109.2,75.3,34,218.5,192.1,0,61.9,0.6,0.9,255.5,-3.3,706.2,86,8.2
Forest Heath,42UC,2005,159.1,25.5,0,24.9,3,212.4,77.2,48,27.2,152.5,174.4,0,29.3,2.3,1.3,207.3,38.6,610.8,58.1,10.5
Ipswich,42UD,2005,225.6,55.3,6.2,26.4,0.2,313.7,128.1,150,3.5,281.6,81.9,0,46.9,2.8,1.1,132.6,0,727.8,124,5.9
Mid Suffolk,42UE,2005,155.3,41.5,1.6,41.5,10,249.8,122.3,51.1,57.3,230.7,218.1,0,82,3.8,1,304.9,-3,782.4,90.8,8.6
St. Edmundsbury,42UF,2005,205.4,252.8,230.2,60.5,6.5,755.4,118.4,99,30.9,248.3,208.4,0,66,4.4,1.6,280.3,-11.3,1272.7,103.3,12.3
Suffolk Coastal,42UG,2005,167.1,43.2,0.1,35.7,9.7,255.8,159.7,126,36.5,322.2,180.9,0,104.5,6.3,1.2,292.8,-22.1,848.7,119.6,7.1
Waveney,42UH,2005,218,50.8,0,79.7,4.4,352.9,130.2,136.6,9.7,276.5,86.1,0,74.6,0.9,10,171.6,-3.6,797.4,116,6.9
Suffolk Total,,2005,1256.3,504.6,238,335.8,40.7,2375.4,845.1,685.9,199.1,1730.1,1141.7,0,465.2,21,17.1,1645.1,-4.7,5745.9,697.8,8.2
Thurrock,00KG,2005,430.5,547.3,69.5,60.8,1.9,1110,161.7,170.8,4.6,337.1,224.8,105.3,111.3,0.7,1.7,443.8,-0.5,1890.4,148.6,12.7
East of England Total,,2005,8976,3910.4,1052.2,2110.6,230,16279.2,6307.6,6662.7,876.7,13847.1,6999.3,2607.1,4528.8,159.7,280.1,14574.9,547.4,45248.5,5562.5,8.1
Barking and Dagenham,00AB,2005,250.1,60.8,53.4,30.4,0.2,394.9,158.9,185,5.1,349,126,0,40.5,10.2,1,177.7,0.4,922.1,166.3,5.5
Barnet,00AC,2005,289.6,150.9,0,17.4,0.5,458.4,357,509.3,10.2,876.5,263.1,62.1,88.1,0.8,2,416,2.8,1753.7,327.5,5.4
Bexley,00AD,2005,232.1,167.2,19.7,33.1,0.3,452.4,221.6,307.6,7.3,536.5,182.7,0,68.8,0.5,1.2,253.1,2.7,1244.8,222.4,5.6
Brent,00AE,2005,395.5,119.4,0,29.2,0.2,544.4,241.5,374.1,8.7,624.3,154.7,0,92.2,5,1.1,252.9,0.9,1422.4,270.9,5.3
Bromley,00AF,2005,249.6,106,0,23.3,1.4,380.2,320.7,486.6,9.4,816.7,184.2,0.1,151.9,7.5,11.3,355,4.9,1556.8,299.4,5.2
Camden,00AG,2005,754.6,301.2,3.2,10.8,0,1069.9,194.7,231.1,5.6,431.4,107.3,0,59.7,1.4,0.8,169.1,0.7,1671.1,211.1,7.9
City of London,00AA,2005,1352.2,176.5,0.7,5.4,0,1534.8,13.4,6.9,0.4,20.7,44.6,0,20.4,0,0.6,65.5,0.1,1621.1,7.1,228.3
Croydon,00AH,2005,390.4,167.1,0,19.2,0.6,577.3,334.5,492.2,11.1,837.8,171,0,162.3,1.2,1.5,336,2.3,1753.3,339.1,5.2
Ealing,00AJ,2005,419.2,157.6,0,41.3,0.3,618.3,275.6,406.9,8.6,691,232.8,0,114,7.5,1.7,356,0.7,1666,312.8,5.3
Enfield,00AK,2005,300.5,136.2,8.4,31.6,0.7,477.4,297.1,377.7,8.5,683.3,215.5,141.1,69.3,0.3,1.7,427.8,2.4,1590.9,284.8,5.6
Greenwich,00AL,2005,220.4,192.3,2.1,14.2,0.2,429.2,208.8,285.8,6.6,501.1,213.3,0,99.2,0.1,1.5,314,1.9,1246.3,230.5,5.4
Hackney,00AM,2005,223.5,67.8,0,9.2,0,300.5,181.1,247.2,6.2,434.5,109.1,0,61.6,0.2,0.9,171.8,0.6,907.3,216.5,4.2
Hammersmith and Fulham,00AN,2005,360.3,126.6,11,12.5,0.1,510.5,158.4,220.8,5.8,385,138.4,0,45.3,1.7,0.9,186.3,0.5,1082.4,173.3,6.2
Haringey,00AP,2005,197.4,83.3,0,16.8,0.1,297.6,219.8,320.9,7.2,547.9,107.4,0,82.4,1.1,1.5,192.3,0.9,1038.7,229.3,4.5
Harrow,00AQ,2005,153.2,130.4,0.7,16.8,0.3,301.4,206.6,327.6,6.8,540.9,83.9,8.6,70.3,0.8,1.4,165,0.6,1007.9,221.1,4.6
Havering,00AR,2005,220.8,65,5.7,25,1.1,317.6,239.8,333.2,7.4,580.3,165.3,149.2,107.5,0.6,1.3,424,1.4,1323.3,227,5.8
Hillingdon,00AS,2005,689.7,321.7,13.5,44.4,1.2,1070.4,243,340,8.6,591.6,223.4,125.4,207.6,7.4,70.6,634.3,1.2,2297.5,251.4,9.1
Hounslow,00AT,2005,491.8,163.9,3.1,21.9,0.3,681.1,209.7,278.8,7.2,495.7,214.3,82.9,117.4,0.7,1.7,416.8,0.4,1594,223.8,7.1
Islington,00AU,2005,479,133.4,0,13.1,0,625.4,169.5,234.1,6.1,409.6,87.4,0,53.8,0.5,0.8,142.5,0.5,1178,183.5,6.4
Kensington and Chelsea,00AW,2005,579.1,200.2,0.1,3.7,0,783.2,203.9,210.6,4.7,419.2,117.7,0,56.5,1.1,1.1,176.3,0.4,1379.1,168.4,8.2
Kingston upon Thames,00AX,2005,181.2,57.7,0,12,0.3,251.2,154.7,213.8,4.5,373,149.3,0,90,0.5,2.4,242.2,0.6,867.1,152.5,5.7
Lambeth,00AY,2005,351.5,162.7,0.3,7.4,0,521.9,246.5,354.7,8.4,609.6,162.5,0,107,0.5,2.2,272.1,0.8,1404.4,277.6,5.1
Lewisham,00AZ,2005,225.8,78.7,0,9.3,0.1,313.9,235.2,338.4,8.4,581.9,123.9,0,135.2,0.6,1.3,261,1.3,1158.1,254.9,4.5
Merton,00BA,2005,191.3,83.4,0,20,0.3,295,177.9,255.9,6.5,440.3,94.8,0,75.8,0.5,1.2,172.3,1.2,908.8,190.6,4.8
Newham,00BB,2005,368.8,253.2,2.6,17.7,0.1,642.4,195.5,274,7.8,477.3,215,0,74.4,0.7,14.4,304.5,0.6,1424.7,253.8,5.6
Redbridge,00BC,2005,164.5,65.6,2.9,12.7,0.3,246,227.2,342.4,8,577.7,199.5,21.8,57.8,0.2,1.6,280.9,0.9,1105.4,251.6,4.4
Richmond upon Thames,00BD,2005,221.3,95.4,0,15.3,0.3,332.3,192.3,285,6.2,483.5,133.3,0,88.7,0,5.9,228,0.7,1044.4,181.5,5.8
Southwark,00BE,2005,715.7,210.5,0.2,11.8,0.1,938.3,243.8,263.6,7.9,515.3,150.1,0,109.2,0.4,1.5,261.2,1,1715.8,261.8,6.6
Sutton,00BF,2005,163.9,69.5,0.1,18.5,0.3,252.1,189.5,247.6,5.9,443,69.1,0,106.1,0,1.2,176.4,1.5,873,182.1,4.8
Tower Hamlets,00BG,2005,1161,144.7,0.3,12.9,0,1318.9,193.9,173.8,6.4,374.1,182.9,0,106.5,0.2,1.2,290.8,0.7,1984.5,213.4,9.3
Waltham Forest,00BH,2005,190.8,78.4,0,20.4,0.2,289.8,203.5,293.4,7.2,504.1,150.8,0,45.8,1,0.9,198.5,1.3,993.5,226.7,4.4
Wandsworth,00BJ,2005,347.8,175,0.1,10.8,0.1,533.8,269.2,374,8,651.2,172.1,0,107.3,0.9,1.3,281.6,1.1,1467.7,283.2,5.2
Westminster,00BK,2005,1851.4,579,0.4,23.1,0.1,2453.9,264.9,234.8,6.3,506.1,245.4,0,99.8,1.8,1.6,348.6,0.7,3309.3,223.1,14.8
Greater London Total,,2005,14383.8,5081.2,128.6,611,9.6,20214.1,7249.5,9827.7,232.7,17310,5190.5,591.1,2972.3,55.8,140.8,8950.4,38.7,46513.2,7519,6.2
Bracknell Forest,00MA,2005,228.7,64.2,0,13.4,1.3,307.6,116,138.9,9.1,264,91.7,11.1,67.6,0.3,1.2,171.9,-0.8,742.7,109.5,6.8
Brighton and Hove,00ML,2005,318.9,104.3,0,24.2,1.5,448.9,264.5,327.2,8.3,600.1,169.7,0,168.1,0.4,1.6,339.7,0.4,1389.1,252.9,5.5
Aylesbury Vale,11UB,2005,194.5,70.4,1.5,65.6,20,352.1,189.9,184,31.3,405.2,222.5,50.4,124.2,8.5,1.9,407.5,11.4,1176.2,166.7,7.1
Chiltern,11UC,2005,86.8,46.6,3.3,29.8,3,169.4,111.5,152.2,9.2,272.9,78.5,16.9,65.4,2.4,0.8,164,7.3,613.6,90.6,6.8
South Bucks,11UE,2005,126.8,69,0.8,27.4,1.8,225.7,82.1,111.1,8.9,202.1,81,381.8,53.2,8,5.1,529,4.9,961.8,63.6,15.1
Wycombe,11UF,2005,224.4,62.5,0.2,42.7,6,335.7,186.8,225.5,24.1,436.3,126.4,200.4,105.7,10.8,7.9,451.1,6.4,1229.6,164.6,7.5
Buckinghamshire Total,,2005,632.6,248.5,5.7,165.5,30.7,1083,570.3,672.7,73.5,1316.5,508.4,649.4,348.4,29.7,15.6,1551.6,30.1,3981.1,485.5,8.2
Eastbourne,21UC,2005,116.5,48.6,0.1,16,0.8,182,95.6,115.5,4.6,215.7,41.1,0,52,1,0.5,94.7,-0.7,491.8,95.5,5.1
Hastings,21UD,2005,97.1,29.5,0,19.7,0.4,146.7,90.1,107.6,2.7,200.4,32.2,0,50.3,0.3,0.4,83.3,-0.6,429.8,87.4,4.9
Lewes,21UF,2005,100.1,28.4,1.5,30.3,7.2,167.4,104.9,114.5,8.8,228.2,118.3,0,76.1,5.6,0.8,200.7,-1.1,595.1,93.8,6.3
Rother,21UG,2005,93.5,66.6,9.7,36.6,13.3,219.7,113.1,111.1,11.2,235.4,95,0,94.2,5.6,1.2,195.9,-23.7,627.3,87.7,7.2
Wealden,21UH,2005,113.3,29.1,0,51.7,20.5,214.7,178.9,165.4,31.5,375.8,225.7,0,168.1,3.4,1.9,399.1,-25.6,963.9,144.1,6.7
East Sussex Total,,2005,520.6,202.2,11.3,154.2,42.2,930.4,582.6,614.1,58.8,1255.5,512.3,0,440.7,15.9,4.8,973.7,-51.7,3107.9,508.5,6.1
Basingstoke and Deane,24UB,2005,289,144.1,0.1,65.1,12.1,510.4,175.9,171.5,53.3,400.6,261.7,175.6,148,15.7,2.3,603.3,12.1,1526.3,157.5,9.7
East Hampshire,24UC,2005,129.3,45.2,0,43.2,9.9,227.5,136.2,140.8,33.9,310.9,211.9,13.9,135.8,0.5,1.7,363.7,-11.6,890.5,110.5,8.1
Eastleigh,24UD,2005,177.3,53.4,0,28,1.4,260.2,119.5,153.1,7.5,280.1,37.8,168.1,86.6,9.9,6.1,308.4,1.1,849.8,118.1,7.2
Fareham,24UE,2005,172.2,39.4,1.3,26.6,1.3,240.8,112,140.4,5.3,257.7,66.6,118.9,52.4,0.8,1,239.7,1.2,739.4,108.1,6.8
Gosport,24UF,2005,90.8,35.2,0.2,14.2,0.3,140.7,83.3,83.9,3.3,170.5,14.7,0,51,0,0.5,66.2,0.6,378.1,78.6,4.8
Hart,24UG,2005,97.5,33.3,0,15.2,3.3,149.2,98.9,129,11.5,239.4,65.7,126.7,91.6,1.5,1.4,287,-4.3,671.2,87.5,7.7
Havant,24UH,2005,131.8,33.2,0,23.8,0.9,189.6,124.8,152.3,6,283,71.2,36.5,84.9,0.1,0.8,193.4,0.5,666.6,117.5,5.7
New Forest,24UJ,2005,251.2,120,1224.8,57,11.8,1664.7,199.4,227.3,35.8,462.4,268.9,47.4,173.7,3.3,1.9,495.2,-19.5,2602.8,172.4,15.1
Rushmoor,24UL,2005,174.6,57.4,0,23.4,0.2,255.6,82.2,111.5,2.8,196.6,64.1,29.2,56.1,1.4,1,151.7,-3.3,600.7,90,6.7
Test Valley,24UN,2005,167.7,47.2,2.8,72.4,15.1,305.2,135.6,106.6,61.7,303.9,217.9,126,97.9,10.4,2,454.2,-0.8,1062.6,112.8,9.4
Winchester,24UP,2005,210.9,79.2,0,43.4,15.1,348.6,129.3,127.8,42.5,299.6,161.5,221.8,161.6,1.8,1.9,548.6,0,1196.7,109.9,10.9
Hampshire Total,,2005,1892.3,687.5,1229.2,412.2,71.3,4292.6,1397,1544.2,263.6,3204.8,1441.9,1064.1,1139.6,45.2,20.6,3711.3,-23.9,11184.7,1262.9,8.9
Isle of Wight,00MW,2005,162.3,98.5,1.8,40.8,9.3,312.7,164.2,159.3,22.9,346.3,87.1,0,52.6,0,2.6,142.3,9.8,811.1,137.2,5.9
Ashford,29UB,2005,154.1,48,6.3,57.7,10.8,276.8,120.1,113,18.2,251.3,119.1,141.9,77.9,1.3,1.4,341.4,-23.1,846.4,109.4,7.7
Canterbury,29UC,2005,169.1,77.9,0.1,28.4,3.8,279.3,137.5,186.8,11.9,336.2,169,0,84.1,0.1,1.2,254.4,-7.3,862.7,141.9,6.1
Dartford,29UD,2005,181,91.6,6,27.6,0.7,306.8,89.1,115.3,3.1,207.5,184.7,118.9,41.5,0.1,1.8,346.9,2,863.3,90,9.6
Dover,29UE,2005,138.6,182.1,5.3,25.3,4.3,355.6,105.4,135.9,5,246.2,119.7,0,64.3,0.1,1,185.1,-1,785.9,107.5,7.3
Gravesham,29UG,2005,176.7,75.7,1009.7,14.5,1.3,1278,92,122.6,5.1,219.7,135.9,8.6,38.4,0.1,0.8,183.7,-2,1679.4,96.9,17.3
Maidstone,29UH,2005,223.8,59.9,0,51.5,8.1,343.3,152.7,181.8,10.6,345.1,140.1,224.9,87,0.1,3.1,455.2,-17.1,1126.6,143.4,7.9
Sevenoaks,29UK,2005,130.5,37.2,1,32.5,7.3,208.4,136.3,151.4,13.2,300.9,115.3,391.9,78.9,5.9,1.9,593.9,-3.1,1100.1,111.3,9.9
Shepway,29UL,2005,255,31.4,0,29,6.5,322,109.6,126.2,11.4,247.1,85.9,73.2,66.4,0.1,4.7,230.3,-4,795.4,101.5,7.8
Swale,29UM,2005,308.1,164.6,510.2,78.7,5.8,1067.3,128.2,157.8,7.1,293.1,112.9,150,76,2.9,1.4,343.2,-2.4,1701.2,126.5,13.4
Thanet,29UN,2005,128.3,45.7,0,31.8,1.2,206.9,133.3,181.5,4.1,318.9,70.8,0,68.9,0.3,3.8,143.8,2.9,672.5,129.3,5.2
Tonbridge and Malling,29UP,2005,158.1,61.3,767,43.2,4.3,1033.8,118.4,146.9,6.5,271.7,156.6,224.5,62.5,0.3,2.8,446.6,-8.3,1743.8,111.7,15.6
Tunbridge Wells,29UQ,2005,164.5,41.2,0,37.2,7.3,250.2,125.5,133.2,14.3,273,116,0,73.2,0.3,0.9,190.3,-21.1,692.2,105.9,6.5
Kent Total,,2005,2187.7,916.6,2305.7,457.2,61.4,5928.6,1448.1,1752.4,110.2,3310.7,1526,1333.8,818.8,11.4,24.7,3714.8,-84.7,12869.3,1375.3,9.4
Medway,00LC,2005,284.5,80.4,0.4,53,2.4,420.7,241.9,317.4,9,568.2,139.8,55.4,131.8,0.2,1.3,328.5,-1.6,1315.8,252.1,5.2
Milton Keynes,00MG,2005,580,154.9,0.1,54.6,5.1,794.7,229.1,283.4,10,522.5,161.2,213.1,237,1,2.1,614.4,1.8,1933.4,223.5,8.7
Cherwell,38UB,2005,276.7,174.4,13.2,63.7,12.6,540.5,155.2,136.1,55.2,346.5,262.6,312,92.8,31.2,4.3,702.9,12.9,1602.9,135.9,11.8
Oxford,38UC,2005,348.9,184.1,5.6,28.4,0.6,567.7,130.5,171.7,6.4,308.6,84.1,0,59.9,5.7,7.6,157.3,1.1,1034.7,145.4,7.1
South Oxfordshire,38UD,2005,297.4,51,0,36.4,16.9,401.6,172,153.2,46.2,371.4,153.2,182.9,106.1,20,28.4,490.5,-7.8,1255.8,130.1,9.7
Vale of White Horse,38UE,2005,236.1,75.5,0,48.9,12.3,372.7,138.1,139.9,31.6,309.6,353,0,77.1,18.9,19.8,468.8,12,1163.1,117.4,9.9
West Oxfordshire,38UF,2005,166.8,38.5,2.8,72.1,13.8,294,126.4,106.3,45.5,278.1,130.7,0,93.3,3.6,13.7,241.3,14.9,828.4,98.9,8.4
Oxfordshire Total,,2005,1325.9,523.4,21.6,249.5,56.1,2176.5,722.2,707.2,184.9,1614.2,983.6,494.9,429.3,79.3,73.9,2060.9,33.1,5884.7,627.7,9.4
Portsmouth,00MR,2005,375.7,109.3,1.1,39.9,0.4,526.4,186.9,219.2,6.2,412.2,117.5,62.6,110.9,2,1.2,294.3,0.5,1233.4,196.3,6.3
Reading,00MC,2005,349.5,124.1,0.1,24.4,0.4,498.5,155.3,187.5,5.9,348.8,73,13.2,51.1,10.6,5,152.9,-0.1,1000,146.9,6.8
Slough,00MD,2005,173.4,110.3,29.9,43.7,0.2,357.6,104.7,138.4,4,247.1,44.9,125.8,53.1,11.7,2,237.4,0.9,843,122.9,6.9
Southampton,00MS,2005,410.8,148.9,0.4,37.4,0.3,597.9,243,233.7,6.9,483.6,118.9,22.3,139.6,0.7,3.9,285.4,0.2,1367.1,226.7,6
Elmbridge,43UB,2005,154,77.2,0,21.7,1,253.8,152.7,217,5.1,374.8,163.5,66.1,84.2,1.1,5.2,320.1,-0.1,948.6,127.3,7.5
Epsom and Ewell,43UC,2005,61.4,25.7,0,2.5,0.4,90.1,71.6,115.4,2.1,189,35.2,0,56.7,7.8,0.5,100.2,0.5,379.8,69.2,5.5
Guildford,43UD,2005,198.5,83.6,0,32.7,3.3,318,147.9,193.9,7.8,349.7,321.1,41.1,98.3,4.2,2.6,467.4,-14.6,1120.4,129,8.7
Mole Valley,43UE,2005,138.8,78.2,8.4,15.2,4.4,244.9,98.9,132,5,235.9,110,128.4,80.6,4.2,1.5,324.7,-5.5,800.1,81.8,9.8
Reigate and Banstead,43UF,2005,189.7,60.3,0,17.2,2,269.3,140.9,206.1,4.8,351.8,109.5,198,106,2.9,1.7,418.1,0.9,1040.1,127.8,8.1
Runnymede,43UG,2005,142.8,70.1,1.1,11.2,0.5,225.8,88,108.5,5.5,201.9,63,260.5,58,7.1,4.6,393.2,0.1,821.1,77,10.7
Spelthorne,43UH,2005,145.8,32.3,0,16.7,0.4,195.2,99.5,131.4,3.3,234.2,60.5,84.4,67.4,0,7.2,219.5,0.2,649.2,90.6,7.2
Surrey Heath,43UJ,2005,110.3,49.5,0,22.2,0.7,182.7,93.9,133.8,3.5,231.2,86.6,148.5,64.9,0.4,1.2,301.5,-2.8,712.6,82.3,8.7
Tandridge,43UK,2005,76.2,34,0,19,5.6,134.7,96.4,123.8,3.1,223.4,68.2,299,95,11.5,1.5,475.2,0,833.2,79.4,10.5
Waverley,43UL,2005,114.6,57.8,0,26.1,5.2,203.6,143.4,185.2,17,345.5,134.1,0,117.4,0.3,1.4,253.2,-23.1,779.3,116.4,6.7
Woking,43UM,2005,163.9,47.2,0,10.7,0.7,222.6,103.1,129.1,2.8,234.9,48.8,32.8,58.4,2,1.6,143.7,-2.6,598.5,91.1,6.6
Surrey Total,,2005,1496.1,615.9,9.5,195.2,24.1,2340.7,1236.4,1676,60,2972.4,1200.6,1258.7,887,41.5,29,3416.7,-46.9,8682.9,1071.9,8.1
West Berkshire,00MB,2005,307.2,99.1,21.5,70.8,14.4,513,189.6,155.5,81.4,426.4,260.2,459.7,108.9,23.2,7.2,859.2,-1.5,1797,146.5,12.3
Adur,45UB,2005,59.6,21,0,19.8,0.8,101.3,65.7,74.2,1.9,141.8,72.1,0,35.7,0.1,10.7,118.5,0.2,361.8,59.8,6
Arun,45UC,2005,132.2,84.3,0,28.5,4.4,249.3,163.7,197.6,10.6,371.9,141.3,0,98.7,0.2,1.3,241.4,-7.3,855.3,146,5.9
Chichester,45UD,2005,156.1,96.7,0,64.8,14.8,332.4,152.6,115.7,60.2,328.5,198.5,0,148.4,0.2,1.4,348.5,-54.8,954.5,108.8,8.8
Crawley,45UE,2005,276.6,80.4,0,24.8,0.4,382.2,88.8,122.7,3,214.4,73,108.6,54.4,0.1,38.7,274.8,-2.5,869,99.7,8.7
Horsham,45UF,2005,170.8,71.6,6.9,62.5,11.6,323.4,152.3,145,25,322.4,239.3,0,108,3.8,1.4,352.5,-9.3,989.1,125.9,7.9
Mid Sussex,45UG,2005,129,57.7,15,47,6.8,255.6,146.8,172.5,10.4,329.6,227,0.9,127.7,0.6,1.5,357.7,-20.7,922.2,130.5,7.1
Worthing,45UH,2005,126.3,46.7,0.5,15,0.5,188.9,111.4,133.2,3.2,247.8,57.7,0,58,9.6,1.2,126.5,0,563.1,100.1,5.6
West Sussex Total,,2005,1050.6,458.4,22.4,262.3,39.3,1833,881.2,960.9,114.2,1956.3,1008.9,109.5,630.8,14.5,56.2,1819.9,-94.4,5514.9,770.8,7.2
Windsor and Maidenhead,00ME,2005,241.7,85.1,0,25.9,3.1,355.8,164.8,209.9,36.2,410.9,131.1,219.3,101,10,18.7,480,2.1,1248.8,136.4,9.2
Wokingham,00MF,2005,200.7,63,0,23.6,2.9,290.1,164.8,214.1,14.4,393.4,100.1,205.4,97.7,13.7,8.1,424.9,-1,1107.4,149.6,7.4
South East Total,,2005,12739.3,4894.6,3660.6,2347.7,366.4,24008.5,9062.5,10511.9,1079.4,20653.8,8676.7,6298.2,6013.9,311.4,279.5,21579.7,-227.9,66014.1,8203.1,8
Bath and North East Somerset,00HA,2005,241.8,85.2,0.1,45.1,12.4,384.6,191.1,213.3,35.2,439.6,151.5,0,110.8,6.6,1.3,270.2,12.2,1106.5,171.3,6.5
Bournemouth,00HN,2005,227.3,76.3,4.9,17.7,0.2,326.4,193.5,223.9,5.2,422.5,95.2,0,100.1,0.7,1.1,197,-0.7,945.3,166,5.7
"Bristol, City of",00HB,2005,693.4,225.8,43.5,71,1.3,1035,398.6,500,12.2,910.7,172.3,83.2,299.9,5.9,3,564.4,4.5,2514.6,405.4,6.2
Cornwall,00HE,2005,845.8,266.5,43.2,217.8,110.7,1484.1,731.5,331.4,396.3,1459.2,732.4,0,349.6,34.9,10.1,1127,142.9,4213.1,515.1,8.2
East Devon,18UB,2005,123.2,29.5,0,53.3,25.4,231.4,157.9,140.6,65.8,364.3,171.4,80.5,92.5,6.8,8.4,359.6,10.9,966.1,129.8,7.4
Exeter,18UC,2005,200.3,286.5,12.9,26,0.7,526.4,108.8,119.8,5.3,233.8,40.4,31.5,42.6,2.5,0.6,117.6,1.8,879.6,113,7.8
Mid Devon,18UD,2005,115.2,43.2,0,31.9,32.9,223.3,91.7,50.3,63.7,205.7,99.4,131.7,63.5,3.8,1.2,299.5,41.8,770.3,73.3,10.5
North Devon,18UE,2005,159.1,37.8,0,37.1,44.2,278.2,108.3,86.1,49.3,243.7,114.4,0,80,0.7,0.8,195.9,40.8,758.6,91.1,8.3
South Hams,18UG,2005,175.4,86.3,0,38.2,26.2,326,120.8,71.1,61.8,253.6,194.7,0,49.2,3.5,0.9,248.3,27.5,855.4,82.5,10.4
Teignbridge,18UH,2005,130,53.7,0,62,17.9,263.5,146.3,125.3,43.9,315.5,322.5,20.5,73.7,4.1,1.8,422.5,28.2,1029.7,123.5,8.3
Torridge,18UK,2005,73.7,9.3,0.1,37.2,36.8,157.2,79.3,39.1,65.7,184.1,62.3,0,58.9,0.1,0.9,122.1,22.7,486.1,62,7.8
West Devon,18UL,2005,76.4,30.2,19,20.9,33.5,180,65.3,35.9,50.5,151.7,129.2,0,54,1.3,1.1,185.7,28.8,546.2,50.5,10.8
Devon Total,,2005,1053.2,576.5,32,306.5,217.6,2185.9,878.5,668.1,405.8,1952.4,1134.3,264.2,514.2,22.7,15.7,1951.1,202.5,6291.8,725.7,8.7
Christchurch,19UC,2005,65.4,10.8,0,19.5,0.8,96.5,52.1,65.4,2.6,120.1,46.5,0,45.1,0.3,11.4,103.2,-0.5,319.3,45.8,7
East Dorset,19UD,2005,82.7,36.2,0,31,7.7,157.7,101.4,120.2,23.1,244.8,111.9,0,80.8,0,0.9,193.6,-13.1,582.9,86,6.8
North Dorset,19UE,2005,77.5,26.2,0,25.2,16.3,145.1,83.4,56,44.7,184.2,71.8,0,54.8,8.3,0.6,135.6,2.7,467.5,65.9,7.1
Purbeck,19UG,2005,135.1,19.3,0,21.3,9.3,185.1,54.7,52.8,15,122.4,89.9,0,36.7,4,0.7,131.3,-10.5,428.3,44.6,9.6
West Dorset,19UH,2005,135.6,34.5,0,48,34.8,252.9,135.6,85.2,66,286.8,176.2,0,107.1,1.4,1.3,285.9,31.3,857,96.4,8.9
Weymouth and Portland,19UJ,2005,64.9,19.4,0,10.2,0.8,95.4,66.2,76.8,4.6,147.5,39.8,0,42.4,2.5,1.1,85.7,1.7,330.4,64.8,5.1
Dorset Total,,2005,561.3,146.4,0,155.2,69.8,932.7,493.4,456.4,155.9,1105.7,536.1,0,366.8,16.6,15.8,935.4,11.5,2985.3,403.5,7.4
Cheltenham,23UB,2005,185.8,62.7,1.1,24.2,0.9,274.7,119.3,144.4,3.9,267.6,45.9,0,58.1,3.2,0.8,107.9,1.3,651.5,110.9,5.9
Cotswold,23UC,2005,107.3,34.9,1.6,55.6,26.2,225.5,125,81.9,61.1,267.9,239.6,0,88.5,2.1,5.1,335.3,21.1,849.8,82.2,10.3
Forest of Dean,23UD,2005,148.3,51.1,0,67.9,12.7,280,101.2,65.2,64.7,231.1,75.1,44.6,66,14.8,1.2,201.6,-10.9,701.8,81.5,8.6
Gloucester,23UE,2005,218.5,57.2,0.1,29.7,0.5,306,116.4,136.5,5.1,258,71.5,0,58.4,3.6,3.9,137.3,-0.7,700.6,113.9,6.2
Stroud,23UF,2005,159.9,67.4,0.1,57.9,14.1,299.4,134.4,131.3,22,287.6,79.9,260.7,92.6,6.9,8,448,-3.1,1031.9,110.1,9.4
Tewkesbury,23UG,2005,168.7,79,0.5,66.3,11.5,326.1,90,90.4,13.6,193.9,116.8,220,66.3,4.8,18.8,426.6,10.9,957.4,78.3,12.2
Gloucestershire Total,,2005,988.6,352.3,3.3,301.5,65.9,1711.7,686.1,649.6,170.3,1506,628.7,525.3,429.8,35.3,37.6,1656.8,18.5,4893,576.9,8.5
Isles of Scilly,00HF,2005,5,0,0,0.6,0,5.6,4.6,0,4.3,8.9,0.5,0,0.1,0,3,3.5,0,18.1,2.2,8.2
North Somerset,00HC,2005,233.8,140.8,0,71.1,13.5,459.1,209.7,239.9,43.4,493,120.5,273.8,173.8,6.6,13.2,587.8,31.8,1571.7,194.7,8.1
Plymouth,00HG,2005,394.8,130.8,5.3,55,0.7,586.6,243.9,271.6,8.1,523.6,153.5,0,198.7,1.4,4.2,357.8,2,1470.1,247.5,5.9
Poole,00HP,2005,247,83.9,0,57,0.4,388.3,153.2,196.9,5.4,355.5,89.9,0,111.1,1,0.9,202.9,-1.3,945.4,139.9,6.8
Mendip,40UB,2005,192.1,48.5,74.5,76.6,27,418.7,122.3,106,53.1,281.5,151.4,0,109.5,22.2,1.1,284.1,93,1077.2,106.3,10.1
Sedgemoor,40UC,2005,196.3,99,120.5,69.7,20.2,505.7,134.9,91.6,64.2,290.6,113,209.6,76.3,5,1.8,405.6,81.7,1283.5,109.7,11.7
South Somerset,40UD,2005,239.6,87.4,15.1,110.5,30.8,483.3,202.8,127.1,98.6,428.5,259.9,0,119.9,20,1.4,401.1,47.1,1360.1,156.5,8.7
Taunton Deane,40UE,2005,150.2,37.8,0,40.8,14.3,243.2,120.8,107.1,37.9,265.7,98.4,143.1,85.5,5.1,1.4,333.4,8.8,851.2,106.8,8
West Somerset,40UF,2005,80.8,70.3,4.4,6.5,22,183.9,51,23.1,32.4,106.5,32.9,0,66.7,0,1.4,101,3.5,394.9,35,11.3
Somerset Total,,2005,859,343,214.4,304.1,114.3,1834.8,631.8,454.8,286.2,1372.8,655.5,352.7,457.8,52.2,7.1,1525.3,234.1,4967,514.3,9.7
South Gloucestershire,00HD,2005,534.6,147.8,285.6,89.2,14.8,1071.9,260.8,279.4,42.9,583,184.8,567.7,235.1,19.5,4,1011.1,17,2683,253.2,10.6
Swindon,00HX,2005,484.4,136.9,10.1,75.7,5.1,712.1,194.1,241.6,19,454.7,140.1,143.3,182.5,2.8,6.3,475,5.4,1647.2,189.7,8.7
Torbay,00HH,2005,161.3,57.3,0.1,21.7,1,241.3,144,163.2,6.1,313.3,64.3,0,90.8,0.3,1.4,156.8,2.2,713.6,132.2,5.4
Wiltshire,00HY,2005,724.1,264.3,436.7,267.6,89.2,1781.8,566.3,419.7,273.1,1259.1,675,330.2,352.4,51.5,10.2,1419.3,51.6,4511.8,448.7,10.1
South West Total,,2005,8255.3,3033.6,1079.1,2056.7,717,15141.7,5980.9,5309.7,1869.4,13160,5534.6,2540.4,3973.6,257.9,134.9,12441.4,734.3,41477.3,5086.3,8.2
England Total,,2005,87025.3,39226.2,41929.9,15778.1,2704.3,186663.9,52872.3,66353.7,7227.6,126453.6,49265.7,26824.1,34299.4,1788.8,1745.7,113923.6,2307.1,429348.1,50606.5,8.5
