Total final energy consumption at regional and local authority level: 2003 in GWh (experimental),,,,,,,,,,,,,,,,,,,,,,,,,,,,,,
,,Coal ,,,,Manufactured fuels ,,,,Petroleum products ,,,,,,Natural gas ,,,,Electricity ,,,,Renewables & Waste,,,,Consuming Sector,,
NUTS4 Code,NUTS4 Region,Industry & Commercial,Domestic,Total,,Industry & Commercial,Domestic,Total,,Industry & Commercial,Domestic,Road transport,Rail,Total,,Industry & Commercial,Domestic,Total,,Industry & Commercial,Domestic,Total,,Total,,Total,,Industry & Commercial,Domestic,Transport
UKL1605,Blaenau Gwent                 ,22.0,44.3,66.3,,1.3,10.4,11.7,,162.3,8.8,252.3,0.2,423.6,,356.2,622.5,978.8,,173.3,94.3,267.6,,125.9,,"1,873.9",,841.1,780.3,252.5
UKL1705,Bridgend                      ,132.4,67.2,199.6,,198.9,16.1,215.0,,304.0,35.8,911.0,25.2,"1,275.9",,"1,273.0","1,083.9","2,356.9",,418.3,198.2,616.5,,12.6,,"4,676.5",,"2,339.3","1,401.1",936.2
UKL1604,Caerphilly                    ,8.6,122.5,131.0,,1.5,29.0,30.5,,522.2,22.5,762.9,1.4,"1,309.1",,"1,385.8","1,430.3","2,816.1",,393.3,241.1,634.4,,3.4,,"4,924.5",,"2,314.7","1,845.4",764.3
UKL2207,Cardiff                       ,1.4,23.3,24.7,,1.7,5.4,7.1,,342.6,35.2,"2,034.9",29.2,"2,442.0",,"2,287.4","2,252.5","4,539.9",,877.1,481.2,"1,358.4",,26.5,,"8,398.6",,"3,536.8","2,797.7","2,064.1"
UKL1409,Carmarthenshire               ,11.9,189.7,201.6,,4.1,44.8,48.9,,567.8,280.7,"1,826.0",8.8,"2,683.3",,"1,125.5",910.1,"2,035.6",,538.2,296.3,834.5,,11.3,,"5,815.3",,"2,258.8","1,721.6","1,834.8"
UKL1407,Ceredigion                    ,4.3,75.8,80.0,,0.0,17.9,17.9,,173.2,174.6,863.5,0.5,"1,211.7",,169.6,140.4,310.0,,158.0,185.3,343.3,,4.1,,"1,967.0",,509.1,594.0,863.9
UKL1304,Conwy                         ,1.2,34.3,35.5,,0.9,8.0,8.8,,143.5,55.0,"1,184.4",7.0,"1,389.9",,458.4,819.3,"1,277.7",,211.4,247.9,459.4,,7.3,,"3,178.6",,822.7,"1,164.5","1,191.4"
UKL1305,Denbighshire                  ,4.2,60.5,64.7,,0.1,14.4,14.5,,290.4,109.8,838.3,2.1,"1,240.6",,659.9,617.6,"1,277.5",,194.1,202.9,397.0,,46.3,,"3,040.6",,"1,195.0","1,005.1",840.4
UKL2304,Flintshire                  ,116.5,68.6,185.0,,70.8,16.2,87.0,,"1,910.5",156.8,"1,442.9",9.0,"3,519.1",,"1,648.2",998.4,"2,646.7",,703.9,299.1,"1,003.0",,70.7,,"7,511.6",,"4,520.6","1,539.2","1,451.8"
UKL1200,Gwynedd                       ,9.7,91.5,101.2,,0.0,21.6,21.6,,295.1,189.4,"1,352.1",3.1,"1,839.7",,444.2,520.8,965.0,,284.0,326.2,610.2,,10.4,,"3,548.1",,"1,043.4","1,149.5","1,355.2"
UKL1100,Isle of Anglesey              ,5.6,54.3,59.9,,0.4,12.8,13.2,,235.5,135.4,557.4,4.9,933.2,,439.1,242.7,681.9,,201.7,181.2,382.9,,2.2,,"2,073.3",,884.5,626.4,562.3
UKL1504,Merthyr Tydfil                ,0.2,34.3,34.5,,0.4,8.0,8.4,,95.3,7.4,383.5,0.2,486.4,,248.7,489.2,737.9,,109.7,81.2,190.8,,24.3,,"1,482.3",,478.6,620.1,383.7
UKL2103,Monmouthshire                 ,22.2,32.0,54.2,,0.0,7.6,7.7,,276.5,89.2,"1,476.9",21.4,"1,864.1",,"1,399.6",644.6,"2,044.2",,286.9,158.4,445.3,,7.9,,"4,423.4",,"1,993.3",931.8,"1,498.4"
UKL1704,Neath Port Talbot        ,8.4,101.5,109.9,,"1,870.8",24.0,"1,894.8",,314.1,49.9,"1,259.3",21.4,"1,644.7",,864.1,"1,093.2","1,957.3",,"1,249.7",202.4,"1,452.1",,8.2,,"7,067.0",,"4,315.4","1,471.0","1,280.7"
UKL2104,Newport                       ,12.2,23.8,36.0,,10.5,5.7,16.3,,331.6,36.3,"1,854.8",37.9,"2,260.7",,"2,144.1","1,213.3","3,357.4",,838.2,213.6,"1,051.8",,12.8,,"6,735.0",,"3,349.4","1,492.8","1,892.7"
UKL1408,Pembrokeshire                 ,3.1,86.7,89.8,,0.0,20.5,20.5,,"13,446.9",230.8,"1,088.8",3.7,"14,770.2",,236.9,542.5,779.3,,637.7,242.5,880.2,,15.0,,"16,555.1",,"14,339.6","1,123.0","1,092.5"
UKL2400,Powys                         ,7.5,122.0,129.5,,3.3,29.0,32.2,,399.4,282.2,"1,951.7",1.9,"2,635.1",,463.4,533.0,996.5,,272.4,284.3,556.7,,33.5,,"4,383.5",,"1,179.5","1,250.5","1,953.5"
UKL1503,"Rhondda, Cynon, Taff          ",30.2,161.0,191.2,,0.3,38.0,38.3,,589.4,33.1,"1,375.4",14.9,"2,012.7",,"1,032.3","1,864.4","2,896.7",,472.8,333.1,805.8,,9.5,,"5,954.2",,"2,134.4","2,429.5","1,390.3"
UKL1800,Swansea                       ,2.1,76.7,78.8,,0.8,18.1,18.9,,427.9,60.9,"1,342.1",8.0,"1,838.9",,"1,217.1","1,846.8","3,063.9",,523.0,341.1,864.1,,11.5,,"5,876.2",,"2,182.4","2,343.7","1,350.1"
UKL2206,The Vale of Glamorgan    ,76.2,27.2,103.4,,0.1,6.3,6.4,,518.5,46.9,722.0,16.1,"1,303.6",,641.1,669.7,"1,310.7",,366.5,201.4,567.9,,62.5,,"3,354.6",,"1,664.9",951.5,738.2
UKL1606,Torfaen                       ,11.3,20.0,31.3,,1.0,4.9,5.9,,310.1,8.7,399.1,3.2,721.1,,"1,195.9",973.4,"2,169.3",,203.9,131.5,335.4,,16.4,,"3,279.3",,"1,738.5","1,138.4",402.3
UKL2305,Wrexham                       ,20.3,55.3,75.5,,0.1,13.0,13.1,,449.1,86.8,819.0,3.3,"1,358.2",,"1,318.5",769.3,"2,087.8",,847.3,253.3,"1,100.6",,17.9,,"4,653.1",,"2,653.1","1,177.7",822.2
UKL,WALES,511.3,"1,572.4","2,083.8",,"2,167.0",371.7,"2,538.7",,"22,106.0","2,136.2","24,698.2",223.4,"49,163.8",,"21,009.1","20,278.1","41,287.2",,"9,961.5","5,196.4","15,157.9",,540.3,,"110,771.7",,"56,295.2","29,554.9","24,921.6"
UKM1001,Aberdeen City                                                                                       ,3.7,15.6,19.3,,1.1,0.6,1.6,,318.8,52.7,959.3,3.8,"1,334.6",,"1,480.6","1,573.4","3,054.1",,870.9,538.4,"1,409.3",,68.9,,"5,887.9",,"2,744.1","2,180.7",963.1
UKM1002,Aberdeenshire                                                                                    ,7.9,94.8,102.8,,0.9,3.4,4.4,,539.2,361.2,"2,592.6",19.8,"3,512.7",,"1,332.5","1,182.0","2,514.5",,790.4,650.3,"1,440.7",,17.0,,"7,592.1",,"2,688.1","2,291.7","2,612.3"
UKM2101,Angus                                                                                               ,4.4,24.5,28.9,,0.0,2.4,2.4,,255.5,65.6,928.7,17.3,"1,267.0",,374.9,649.6,"1,024.5",,340.7,306.1,646.8,,31.7,,"3,001.3",,"1,007.3","1,048.1",946.0
"UKM3101, UKM4302, UKM4303",Argyll and Bute                                                                                     ,1.6,53.3,54.9,,0.0,4.0,4.0,,185.6,89.7,"1,083.1",10.6,"1,369.0",,132.9,397.9,530.9,,443.5,329.4,773.0,,8.8,,"2,740.6",,772.5,874.4,"1,093.7"
UKM2201,Clackmannanshire                                                                                    ,6.7,7.1,13.8,,0.1,6.2,6.2,,379.3,12.8,175.0,0.0,567.1,,491.2,321.8,813.0,,141.9,108.6,250.5,,70.0,,"1,720.7",,"1,089.2",456.5,175.0
UKM3200,Dumfries and Galloway                                                                               ,33.3,81.6,114.8,,0.6,19.6,20.2,,515.3,230.7,"2,869.6",42.5,"3,658.2",,559.7,683.6,"1,243.3",,457.9,419.0,876.9,,14.8,,"5,928.3",,"1,581.6","1,434.5","2,912.1"
UKM2102,Dundee City                                                                                         ,10.3,1.7,12.0,,0.1,8.9,9.0,,510.4,27.3,539.9,4.1,"1,081.7",,918.4,888.5,"1,806.9",,481.8,412.3,894.1,,46.0,,"3,849.7",,"1,966.9","1,338.8",544.0
UKM3301,East Ayrshire                                                                                       ,4.9,39.3,44.2,,0.0,2.6,2.6,,273.5,33.9,958.2,12.2,"1,277.8",,541.1,994.2,"1,535.3",,255.5,230.1,485.6,,9.9,,"3,355.4",,"1,084.8","1,300.2",970.4
UKM3103,East Dunbartonshire                                                                                 ,6.9,3.7,10.6,,0.0,8.7,8.7,,126.4,23.2,511.8,3.6,665.0,,192.1,939.5,"1,131.6",,151.2,223.7,374.9,,20.3,,"2,211.1",,497.0,"1,198.7",515.4
UKM2301,East Lothian                                                                                        ,126.6,35.8,162.4,,0.0,1.3,1.3,,573.7,31.1,797.8,27.6,"1,430.2",,247.5,628.6,876.2,,392.0,215.3,607.4,,107.4,,"3,184.8",,"1,447.3",912.2,825.4
UKM3501,East Renfrewshire                                                                                   ,3.1,2.0,5.0,,0.5,0.1,0.6,,128.8,14.8,544.1,1.2,688.8,,176.3,736.2,912.5,,60.7,201.1,261.8,,5.3,,"1,874.2",,374.7,954.2,545.3
UKM2500,"Edinburgh, City of                                                                                  ",6.4,6.5,12.9,,0.3,29.9,30.3,,383.8,66.4,"2,364.0",20.4,"2,834.6",,"2,312.3","3,409.6","5,722.0",,"1,398.7","1,068.1","2,466.9",,73.1,,"11,139.7",,"4,174.7","4,580.6","2,384.4"
UKM2600,Falkirk                                                                                     ,75.1,10.0,85.1,,0.8,33.6,34.4,,"8,632.4",33.1,"1,361.5",9.2,"10,036.1",,"1,439.1","1,069.0","2,508.1",,339.2,341.4,680.5,,44.3,,"13,388.6",,"10,530.9","1,487.1","1,370.6"
UKM2202,Fife                                                                                  ,218.3,57.2,275.5,,0.1,44.5,44.6,,914.9,104.4,"2,440.0",39.1,"3,498.4",,"3,176.3","2,839.8","6,016.1",,"1,340.9",751.9,"2,092.8",,10.2,,"11,937.5",,"5,660.7","3,797.8","2,479.0"
UKM3400,Glasgow City                                                                                        ,5.7,3.2,8.9,,0.1,20.3,20.4,,438.6,45.1,"3,433.8",7.2,"3,924.6",,"2,999.9","3,742.5","6,742.3",,"1,720.0","1,425.5","3,145.6",,127.1,,"13,969.0",,"5,291.4","5,236.6","3,441.0"
"UKM4101, UKM4102, UKM4201, UKM4202, UKM4304, UKM4305",Highland and Western Isles                                                                                        ,11.1,221.3,232.4,,1.1,8.1,9.2,,521.1,482.9,"3,382.4",19.8,"4,406.2",,661.1,585.7,"1,246.8",,"1,145.2",862.9,"2,008.1",,36.0,,"7,938.7",,"2,375.7","2,160.8","3,402.3"
UKM3503,Inverclyde                                                                                          ,3.3,0.9,4.1,,0.0,5.4,5.4,,118.5,14.4,376.7,0.0,509.6,,275.0,590.1,865.1,,165.1,221.1,386.2,,24.7,,"1,795.1",,586.6,831.8,376.7
UKM2302,Midlothian                                                                                          ,1.2,40.4,41.6,,0.0,1.5,1.5,,69.2,16.2,581.1,0.7,667.3,,208.3,561.6,769.9,,182.6,156.4,339.0,,18.9,,"1,838.3",,480.3,776.2,581.9
"UKM1003, UKM4203",Moray                                                                                               ,1.2,33.1,34.2,,0.0,1.2,1.2,,246.9,117.3,729.0,2.4,"1,095.6",,"1,346.1",479.4,"1,825.5",,329.0,224.4,553.4,,6.1,,"3,516.1",,"1,929.3",855.4,731.4
"UKM3302,  UKM4301",North Ayrshire                                                                                      ,309.3,7.5,316.8,,0.4,5.6,6.0,,306.5,41.2,702.3,1.7,"1,051.7",,"2,773.7","1,030.3","3,804.0",,909.0,314.8,"1,223.8",,19.9,,"6,422.2",,"4,318.8","1,399.3",704.0
UKM3600,North Lanarkshire                                                                                   ,5.1,30.4,35.5,,1.1,41.7,42.9,,416.2,54.8,"2,984.9",13.9,"3,469.8",,"1,180.4","2,459.8","3,640.2",,999.1,670.7,"1,669.8",,19.1,,"8,877.3",,"2,621.1","3,257.4","2,998.8"
UKM4500,Orkney Islands                                                                                      ,0.7,22.5,23.2,,0.0,0.8,0.8,,55.4,54.2,215.0,0.0,324.6,,0.0,0.0,0.0,,52.4,83.5,135.9,,28.3,,512.9,,136.8,161.0,215.0
UKM2701,Perth and Kinross                                                                                   ,13.3,32.2,45.5,,0.1,1.4,1.6,,213.8,121.7,"2,658.7",17.7,"3,012.0",,920.3,919.6,"1,840.0",,408.6,427.4,836.1,,6.3,,"5,741.5",,"1,562.6","1,502.4","2,676.4"
UKM3502,Renfrewshire                                                                                        ,4.3,1.7,6.0,,0.1,7.5,7.5,,247.7,22.8,"1,359.6",1.3,"1,631.4",,954.4,"1,313.2","2,267.6",,410.9,396.6,807.5,,34.0,,"4,754.1",,"1,651.4","1,741.8","1,360.9"
UKM2400,Scottish Borders                                                                                    ,8.5,42.0,50.6,,0.0,4.5,4.5,,317.7,94.3,"1,338.7",16.3,"1,767.0",,349.9,626.3,976.2,,361.3,313.5,674.8,,8.4,,"3,481.5",,"1,045.8","1,080.7","1,355.0"
UKM4600,Shetland Islands                                                                                    ,0.5,9.7,10.1,,0.0,0.3,0.3,,"1,312.8",66.6,240.0,0.0,"1,619.4",,0.0,0.0,0.0,,90.9,109.4,200.3,,20.0,,"1,850.2",,"1,424.2",186.0,240.0
UKM3700,South Ayrshire                                                                                      ,5.6,29.2,34.8,,0.0,1.4,1.4,,229.3,55.7,910.1,3.3,"1,198.5",,602.5,924.7,"1,527.2",,262.7,257.5,520.2,,39.0,,"3,321.1",,"1,139.3","1,268.4",913.4
UKM3800,South Lanarkshire                                                                                   ,11.3,51.7,63.0,,0.5,20.0,20.5,,537.6,104.5,"2,736.8",20.6,"3,399.4",,960.9,"2,175.9","3,136.7",,830.2,737.0,"1,567.2",,15.7,,"8,202.5",,"2,356.1","3,089.0","2,757.4"
UKM2702,Stirling                                                                                            ,5.2,15.1,20.2,,0.0,15.1,15.1,,223.5,72.7,"1,104.2",7.9,"1,408.4",,"1,156.3",658.1,"1,814.4",,271.8,224.2,496.0,,2.5,,"3,756.5",,"1,659.3",985.1,"1,112.1"
UKM3102,West Dunbartonshire                                                                                 ,0.0,1.3,1.3,,0.0,6.3,6.3,,47.7,10.3,498.0,1.9,557.9,,371.0,697.7,"1,068.7",,198.4,200.9,399.3,,21.8,,"2,055.5",,639.0,916.6,499.9
UKM2800,West Lothian                                                                                        ,14.8,24.5,39.3,,0.8,20.5,21.3,,366.1,36.7,"1,467.7",8.3,"1,878.9",,814.4,"1,121.4","1,935.8",,604.6,316.2,920.8,,25.5,,"4,821.6",,"1,826.3","1,519.3","1,476.0"
UKM,SCOTLAND,910.5,999.6,"1,910.0",,8.9,327.5,336.3,,"19,406.4","2,558.4","42,844.5",334.3,"65,143.6",,"28,949.2","34,200.2","63,149.4",,"16,407.2","12,737.9","29,145.1",,981.4,,"160,665.9",,"66,663.5","50,823.5","43,178.9"
UKC2101,Alnwick,1.1,25.5,26.5,,0.1,1.8,1.9,,44.7,45.6,427.3,15.6,533.1,,55.0,125.8,180.8,,62.9,78.7,141.5,,61.0,,944.9,,224.8,277.3,442.8
UKC2102,Berwick-upon-Tweed,1.0,16.6,17.6,,0.0,1.1,1.1,,100.9,45.7,499.7,21.0,667.3,,143.4,128.9,272.3,,95.8,86.5,182.3,,1.6,,"1,142.2",,342.7,278.8,520.7
UKC2103,Blyth Valley,10.1,4.0,14.1,,0.4,8.4,8.8,,212.3,8.6,520.4,2.7,744.1,,380.9,821.2,"1,202.2",,232.4,138.0,370.4,,4.2,,"2,343.8",,840.4,980.3,523.1
UKC2104,Castle Morpeth,3.7,19.9,23.6,,0.0,6.5,6.5,,76.8,62.8,620.7,13.5,773.9,,288.2,429.3,717.4,,161.9,105.6,267.5,,2.9,,"1,791.9",,533.5,624.1,634.2
UKC1409,Chester-le-Street,9.8,2.6,12.3,,0.0,3.2,3.2,,76.5,7.4,370.2,4.9,459.0,,218.0,454.2,672.2,,50.1,92.0,142.1,,4.4,,"1,293.2",,358.7,559.4,375.0
UKC1300,Darlington,0.5,3.1,3.5,,0.3,3.5,3.9,,122.7,13.1,844.0,9.6,989.4,,666.3,759.9,"1,426.1",,265.3,194.1,459.3,,6.3,,"2,888.6",,"1,061.4",973.6,853.6
UKC1403,Derwentside,4.4,17.7,22.2,,0.3,3.1,3.4,,298.6,29.8,468.7,0.0,797.1,,219.1,603.9,823.1,,143.2,154.7,298.0,,11.5,,"1,955.2",,677.2,809.3,468.7
UKC1410,Durham,1.4,7.2,8.6,,0.0,14.1,14.1,,188.0,30.9,891.7,12.1,"1,122.8",,531.7,"1,010.8","1,542.4",,312.3,143.7,456.0,,6.7,,"3,150.6",,"1,040.1","1,206.6",903.9
UKC1411,Easington,2.8,21.8,24.7,,0.2,56.7,56.9,,131.5,41.1,735.1,2.0,909.7,,322.8,583.0,905.8,,255.3,150.0,405.4,,12.3,,"2,314.7",,724.9,852.7,737.1
UKC2201,Gateshead,4.1,5.1,9.3,,1.4,13.6,15.0,,331.4,29.1,"1,600.9",10.2,"1,971.7",,"1,062.4","1,733.1","2,795.6",,563.7,337.5,901.2,,7.4,,"5,700.1",,"1,970.5","2,118.5","1,611.1"
UKC1101,Hartlepool,0.1,0.9,0.9,,200.5,1.5,202.1,,104.1,13.9,579.4,1.6,698.9,,569.0,771.1,"1,340.1",,380.0,153.1,533.2,,4.1,,"2,779.2",,"1,257.8",940.5,580.9
UKC1201,Middlesbrough,0.0,1.0,1.0,,0.0,2.8,2.8,,208.0,23.6,864.0,3.5,"1,099.0",,681.1,"1,014.8","1,695.9",,474.6,234.2,708.8,,13.8,,"3,521.2",,"1,377.4","1,276.3",867.5
UKC2202,Newcastle upon Tyne,3.6,2.8,6.4,,0.1,7.1,7.2,,247.5,21.3,"1,749.4",3.3,"2,021.5",,"1,666.6","2,141.9","3,808.5",,675.5,490.4,"1,165.9",,15.7,,"7,025.3",,"2,608.9","2,663.6","1,752.7"
UKC2203,North Tyneside,21.2,1.0,22.2,,0.0,3.7,3.7,,331.3,18.4,"1,162.0",4.9,"1,516.6",,956.4,"1,639.3","2,595.8",,402.5,353.6,756.1,,8.9,,"4,903.2",,"1,720.4","2,015.9","1,166.9"
UKC1202,Redcar and Cleveland,"1,540.0",7.3,"1,547.3",,"2,308.7",8.3,"2,317.1",,"1,624.7",38.1,748.7,7.7,"2,419.2",,563.8,"1,046.2","1,610.0",,692.4,252.6,945.1,,3.8,,"8,842.4",,"6,733.3","1,352.6",756.4
UKC1406,Sedgefield,297.1,16.9,314.0,,0.0,11.4,11.4,,143.7,26.1,874.2,11.0,"1,055.1",,649.3,808.4,"1,457.7",,358.1,147.0,505.1,,22.4,,"3,365.7",,"1,470.6","1,009.9",885.2
UKC2204,South Tyneside,0.0,4.2,4.2,,0.2,10.2,10.4,,73.1,22.7,820.5,1.6,918.0,,487.1,"1,304.2","1,791.3",,284.0,241.6,525.6,,4.7,,"3,254.1",,849.1,"1,582.9",822.1
UKC1102,Stockton-on-Tees ,27.5,3.5,31.0,,0.7,5.4,6.0,,"5,298.9",56.7,"1,332.5",9.5,"6,697.6",,"1,479.6","1,309.0","2,788.7",,812.8,320.4,"1,133.2",,35.8,,"10,692.4",,"7,655.3","1,695.0","1,342.1"
UKC2300,Sunderland,14.6,9.4,24.0,,0.7,25.4,26.1,,690.9,33.9,"1,845.1",2.0,"2,571.9",,"1,430.2","2,477.3","3,907.5",,857.8,456.6,"1,314.4",,7.8,,"7,851.7",,"3,001.9","3,002.6","1,847.1"
UKC1407,Teesdale,4.5,21.8,26.3,,0.0,1.6,1.6,,134.0,75.6,413.4,0.0,623.0,,225.6,193.5,419.1,,74.9,59.7,134.6,,6.5,,"1,211.1",,445.6,352.1,413.4
UKC2105,Tynedale,7.5,25.5,33.0,,0.1,1.8,1.9,,131.7,115.6,953.6,5.0,"1,205.9",,702.8,403.8,"1,106.6",,338.2,134.8,473.0,,8.9,,"2,829.3",,"1,189.3",681.4,958.6
UKC2106,Wansbeck,1.6,9.8,11.4,,0.8,26.0,26.7,,59.7,17.0,353.9,0.0,430.6,,555.9,490.8,"1,046.7",,73.3,101.8,175.1,,18.3,,"1,708.9",,709.5,645.4,353.9
UKC1408,Wear Valley,99.9,29.6,129.5,,0.7,2.1,2.8,,386.7,42.4,334.4,0.0,763.5,,302.7,455.7,758.4,,117.0,110.9,228.0,,79.2,,"1,961.4",,986.2,640.8,334.4
UKC,NORTH EAST,"2,056.5",257.1,"2,313.6",,"2,515.2",219.4,"2,734.6",,"11,017.7",819.4,"19,009.7",141.9,"30,988.7",,"14,158.0","20,706.2","34,864.2",,"7,684.0","4,537.7","12,221.7",,348.1,,"83,470.9",,"37,779.6","26,539.8","19,151.6"
UKD1101,Allerdale,22.0,10.3,32.2,,1.5,26.1,27.5,,311.6,96.7,"1,051.9",3.8,"1,464.0",,572.5,654.9,"1,227.4",,506.3,196.8,703.1,,11.3,,"3,465.6",,"1,425.1",984.8,"1,055.7"
UKD1102,Barrow-in-Furness ,2.2,5.8,8.0,,0.0,0.4,0.4,,80.2,9.5,258.6,1.5,349.7,,628.0,476.0,"1,103.9",,325.0,125.3,450.3,,29.7,,"1,942.1",,"1,065.1",616.9,260.1
UKD4100,Blackburn with Darwen ,14.3,2.7,17.0,,0.0,5.9,5.9,,247.0,25.8,694.3,1.7,968.8,,"1,136.6","1,197.1","2,333.7",,540.5,239.0,779.5,,6.2,,"4,111.2",,"1,944.7","1,470.5",696.0
UKD4200,Blackpool,0.0,7.8,7.8,,0.0,0.6,0.6,,48.7,16.8,505.2,0.5,571.2,,590.0,"1,208.6","1,798.5",,363.5,293.7,657.2,,15.5,,"3,050.8",,"1,017.7","1,527.5",505.7
UKD3201,Bolton,0.7,5.6,6.3,,0.3,16.0,16.3,,322.7,50.2,"1,891.1",5.0,"2,268.9",,"1,273.9","2,209.5","3,483.5",,658.1,482.6,"1,140.8",,24.0,,"6,939.7",,"2,279.7","2,764.0","1,896.1"
UKD4301,Burnley,157.0,1.8,158.8,,0.2,4.3,4.5,,160.0,18.3,511.5,1.2,691.0,,731.4,710.7,"1,442.1",,277.1,150.0,427.1,,4.6,,"2,728.2",,"1,330.3",885.1,512.7
UKD3202,Bury,3.7,1.8,5.5,,0.2,4.1,4.3,,148.2,31.1,"1,683.3",0.2,"1,862.7",,"1,798.6","1,415.1","3,213.7",,439.0,324.9,763.8,,11.2,,"5,861.2",,"2,400.8","1,776.9","1,683.5"
UKD1201,Carlisle,15.2,15.1,30.3,,0.0,1.9,1.9,,240.5,86.8,"1,286.9",17.2,"1,631.5",,693.4,684.0,"1,377.4",,417.1,202.7,619.8,,13.7,,"3,674.6",,"1,380.0",990.5,"1,304.1"
UKD2201,Chester,2.1,18.2,20.3,,0.0,2.5,2.5,,137.6,143.1,"1,978.2",6.6,"2,265.4",,414.7,871.8,"1,286.6",,583.9,246.4,830.4,,4.9,,"4,410.0",,"1,143.3","1,282.0","1,984.8"
UKD4302,Chorley,9.8,10.4,20.2,,0.0,4.3,4.3,,137.6,44.3,"1,611.7",6.0,"1,799.6",,548.5,879.5,"1,428.0",,200.3,183.1,383.5,,2.3,,"3,637.9",,898.6,"1,121.6","1,617.7"
UKD2202,Congleton,10.1,14.8,24.9,,0.2,1.1,1.3,,272.3,54.3,"1,488.6",9.0,"1,824.2",,494.2,559.0,"1,053.2",,173.7,179.1,352.8,,5.1,,"3,261.6",,955.7,808.3,"1,497.6"
UKD1103,Copeland,7.1,10.0,17.1,,0.4,5.2,5.6,,88.8,42.6,444.0,2.5,577.9,,289.6,584.7,874.2,,104.5,138.0,242.5,,2.6,,"1,720.0",,493.0,780.5,446.5
UKD2203,Crewe and Nantwich,3.9,12.1,16.0,,0.0,3.9,3.9,,188.9,117.2,"1,228.8",16.0,"1,550.9",,855.4,854.2,"1,709.6",,270.9,231.2,502.2,,8.1,,"3,790.6",,"1,327.1","1,218.7","1,244.8"
UKD1202,Eden,3.3,29.6,32.9,,0.3,2.1,2.4,,143.0,149.5,"2,232.8",26.8,"2,552.1",,612.4,245.7,858.1,,288.9,135.0,423.9,,1.1,,"3,870.5",,"1,049.0",561.8,"2,259.6"
UKD2204,Ellesmere Port and Neston,9.0,2.2,11.2,,0.0,2.3,2.3,,"9,678.5",24.7,525.2,0.4,"10,228.8",,"1,008.2",660.7,"1,668.9",,413.3,145.2,558.5,,1.0,,"12,470.6",,"11,110.0",835.1,525.6
UKD4303,Fylde,0.5,6.1,6.6,,0.0,0.4,0.4,,152.4,27.6,732.7,2.8,915.6,,490.8,781.3,"1,272.1",,262.8,163.1,425.9,,3.5,,"2,624.1",,910.0,978.6,735.5
UKD2101,Halton ,32.6,1.8,34.4,,0.0,4.1,4.1,,378.8,17.8,"1,055.5",5.1,"1,457.1",,727.0,817.0,"1,544.0",,537.3,212.4,749.8,,16.8,,"3,806.2",,"1,692.5","1,053.1","1,060.6"
UKD4304,Hyndburn,4.8,1.8,6.6,,0.0,4.6,4.7,,148.1,14.1,730.8,1.0,894.0,,515.8,605.4,"1,121.3",,198.0,139.8,337.8,,3.1,,"2,367.4",,869.8,765.8,731.8
UKD5101,Knowsley,8.5,3.4,11.9,,3.2,3.8,7.0,,285.2,24.0,"1,160.7",2.4,"1,472.3",,"1,305.3","1,145.5","2,450.8",,653.2,270.9,924.2,,6.8,,"4,873.0",,"2,262.2","1,447.7","1,163.1"
UKD4305,Lancaster,3.2,7.2,10.4,,0.0,5.9,6.0,,152.3,59.7,"1,243.3",9.8,"1,465.1",,943.0,950.1,"1,893.1",,325.2,248.2,573.3,,13.0,,"3,960.9",,"1,436.8","1,271.1","1,253.1"
UKD5200,Liverpool,6.4,4.3,10.6,,0.1,11.5,11.6,,298.2,57.9,"1,960.3",4.7,"2,321.1",,"2,489.0","3,453.3","5,942.3",,"1,094.1",881.8,"1,975.9",,15.5,,"10,276.9",,"3,903.2","4,408.7","1,965.0"
UKD2205,Macclesfield,5.8,17.7,23.5,,1.2,2.8,3.9,,630.7,120.0,"2,975.3",14.3,"3,740.3",,"1,185.9","1,485.3","2,671.2",,542.9,343.4,886.3,,10.6,,"7,335.8",,"2,377.0","1,969.2","2,989.6"
UKD3101,Manchester,12.8,2.8,15.7,,1.2,8.0,9.2,,335.9,44.7,"2,594.0",14.9,"2,989.6",,"2,708.3","3,240.6","5,948.8",,"1,716.6",736.0,"2,452.6",,16.3,,"11,432.1",,"4,791.1","4,032.1","2,608.9"
UKD3203,Oldham,3.1,4.2,7.3,,0.0,10.5,10.5,,186.2,50.1,"1,153.8",4.0,"1,394.1",,906.1,"2,027.4","2,933.5",,516.4,359.7,876.1,,9.6,,"5,231.1",,"1,621.5","2,451.8","1,157.8"
UKD4306,Pendle,2.6,3.7,6.2,,0.6,8.1,8.7,,151.9,27.5,511.1,0.1,690.6,,443.0,733.8,"1,176.8",,215.5,153.6,369.1,,11.3,,"2,262.7",,825.0,926.6,511.2
UKD4307,Preston,1.6,4.4,6.0,,0.0,5.8,5.8,,104.0,53.6,"1,103.2",5.7,"1,266.5",,719.4,"1,049.3","1,768.7",,450.3,230.9,681.2,,8.2,,"3,736.4",,"1,283.6","1,343.9","1,108.9"
UKD4308,Ribble Valley,185.6,8.1,193.7,,0.0,6.3,6.3,,769.2,64.1,517.6,0.9,"1,351.7",,285.8,453.2,739.0,,402.3,111.8,514.1,,165.4,,"2,970.3",,"1,808.4",643.4,518.5
UKD3204,Rochdale,7.5,2.3,9.8,,0.9,6.2,7.1,,273.6,29.5,"2,084.6",2.6,"2,390.3",,"1,005.2","1,622.6","2,627.7",,516.1,351.1,867.3,,4.5,,"5,906.7",,"1,807.8","2,011.7","2,087.1"
UKD4309,Rossendale,13.8,1.8,15.6,,0.1,4.9,5.0,,143.9,17.9,536.7,0.0,698.5,,707.3,783.5,"1,490.8",,284.5,123.2,407.7,,8.4,,"2,626.0",,"1,157.9",931.4,536.7
UKD3102,Salford,0.0,5.1,5.1,,0.2,13.3,13.5,,179.0,28.4,"2,326.6",6.0,"2,540.0",,"1,782.5","1,716.2","3,498.7",,694.3,394.3,"1,088.7",,21.5,,"7,167.5",,"2,677.5","2,157.4","2,332.6"
UKD5300,Sefton,0.2,11.6,11.9,,0.0,3.0,3.0,,233.0,42.5,"1,244.5",0.1,"1,520.2",,972.5,"2,089.5","3,062.1",,519.1,543.5,"1,062.7",,14.2,,"5,674.0",,"1,739.2","2,690.2","1,244.6"
UKD1203,South Lakeland,10.7,27.5,38.3,,0.0,2.0,2.0,,284.6,170.6,"2,045.6",12.8,"2,513.6",,"1,154.0",779.6,"1,933.6",,397.6,259.3,656.9,,62.2,,"5,206.6",,"1,909.2","1,239.0","2,058.4"
UKD4310,South Ribble,4.0,2.8,6.8,,0.6,6.8,7.4,,183.8,31.2,"1,199.3",4.6,"1,418.9",,360.3,637.8,998.1,,305.3,187.5,492.8,,8.8,,"2,932.8",,862.8,866.1,"1,203.9"
UKD5102,St. Helens,2.4,7.9,10.4,,1.9,20.5,22.3,,"1,280.8",33.7,"1,545.7",4.4,"2,864.6",,"2,389.0","1,532.0","3,921.1",,469.5,297.7,767.1,,11.7,,"7,597.1",,"4,155.3","1,891.7","1,550.2"
UKD3103,Stockport,7.4,2.3,9.7,,0.9,5.9,6.8,,278.3,49.4,"1,527.6",11.6,"1,866.8",,"1,182.0","2,706.9","3,888.9",,663.6,539.3,"1,202.9",,22.5,,"6,997.6",,"2,154.7","3,303.8","1,539.2"
UKD3104,Tameside,5.6,1.8,7.4,,0.6,5.2,5.8,,352.7,25.5,"1,300.7",6.5,"1,685.4",,950.1,"1,645.9","2,596.0",,517.5,368.9,886.3,,4.2,,"5,185.2",,"1,830.7","2,047.4","1,307.1"
UKD3105,Trafford,2.4,1.0,3.4,,0.5,3.4,3.9,,432.6,32.3,"1,452.3",2.0,"1,919.2",,"1,781.3","1,829.6","3,610.9",,"1,069.5",402.0,"1,471.5",,13.9,,"7,022.7",,"3,300.1","2,268.3","1,454.3"
UKD2206,Vale Royal ,17.1,13.9,31.0,,0.0,8.8,8.9,,334.1,123.8,"1,609.6",11.5,"2,079.0",,677.2,997.3,"1,674.4",,318.3,246.1,564.4,,17.5,,"4,375.2",,"1,364.1","1,390.0","1,621.1"
UKD2102,Warrington,17.3,3.3,20.6,,1.3,8.4,9.7,,584.0,45.0,"2,754.1",10.7,"3,393.8",,"1,524.0","1,357.2","2,881.2",,674.5,351.0,"1,025.4",,8.9,,"7,339.6",,"2,809.9","1,764.9","2,764.8"
UKD4311,West Lancashire,2.1,7.5,9.5,,0.1,10.2,10.3,,358.5,97.3,893.2,0.9,"1,349.9",,481.0,"1,045.3","1,526.3",,325.7,211.1,536.8,,10.0,,"3,442.8",,"1,177.3","1,371.3",894.2
UKD3205,Wigan,10.7,23.0,33.6,,0.1,43.8,43.9,,497.2,70.0,"2,154.5",12.7,"2,734.4",,"1,226.2","2,105.7","3,331.8",,652.5,524.2,"1,176.7",,9.7,,"7,330.2",,"2,396.3","2,766.6","2,167.2"
UKD5400,Wirral,8.9,4.2,13.1,,0.0,10.2,10.3,,740.3,63.2,"1,741.8",0.2,"2,545.5",,"1,446.8","2,746.4","4,193.2",,627.9,620.6,"1,248.5",,11.0,,"8,021.5",,"2,835.0","3,444.5","1,742.0"
UKD4312,Wyre,0.9,11.1,12.1,,0.0,0.8,0.8,,93.5,64.5,845.0,5.1,"1,008.1",,485.4,731.0,"1,216.5",,226.2,216.1,442.3,,4.7,,"2,684.4",,810.8,"1,023.5",850.1
UKD,NORTH WEST,638.8,341.0,979.8,,16.6,305.9,322.6,,"22,048.1","2,396.6","58,392.4",255.8,"83,092.9",,"42,491.8","54,280.0","96,771.7",,"20,738.9","12,760.5","33,499.4",,655.2,,"215,321.6",,"86,589.5","70,083.9","58,648.2"
UKE3101,Barnsley,18.9,49.3,68.2,,0.5,135.8,136.3,,763.9,75.4,"2,070.3",5.4,"2,914.9",,"1,624.2","1,596.1","3,220.3",,523.5,355.7,879.2,,6.7,,"7,225.5",,"2,937.7","2,212.2","2,075.6"
UKE4100,Bradford,7.4,7.3,14.8,,1.5,16.8,18.3,,497.3,73.0,"2,024.6",7.6,"2,602.5",,"2,756.7","3,678.6","6,435.4",,"1,081.0",855.9,"1,936.9",,20.9,,"11,028.7",,"4,364.8","4,631.6","2,032.2"
UKE4301,Calderdale,9.2,5.9,15.1,,1.6,12.7,14.3,,316.2,51.3,"1,933.1",6.3,"2,307.0",,"1,189.8","1,740.7","2,930.5",,427.5,382.4,809.9,,3.8,,"6,080.6",,"1,948.1","2,193.0","1,939.5"
UKE2201,Craven,1.0,8.7,9.7,,0.0,10.3,10.3,,109.3,85.0,791.3,10.9,996.6,,173.8,342.8,516.6,,138.2,123.7,261.9,,0.6,,"1,795.8",,423.1,570.5,802.2
UKE3102,Doncaster,10.4,55.9,66.3,,2.0,154.0,156.0,,594.8,123.4,"3,642.3",39.8,"4,400.3",,"2,251.5","2,405.8","4,657.4",,789.1,492.2,"1,281.2",,36.2,,"10,597.4",,"3,684.1","3,231.3","3,682.1"
UKE1200,East Riding of Yorkshire,16.8,69.9,86.7,,0.0,5.0,5.0,,943.4,349.4,"3,395.0",6.3,"4,694.1",,"2,253.5","2,459.3","4,712.7",,830.7,657.1,"1,487.8",,8.6,,"10,995.0",,"4,053.0","3,540.7","3,401.3"
UKE2202,Hambleton,3.5,33.3,36.8,,0.0,2.4,2.4,,194.3,248.0,"1,721.6",60.7,"2,224.6",,334.3,581.2,915.5,,258.6,195.8,454.4,,6.6,,"3,640.2",,797.3,"1,060.6","1,782.3"
UKE2203,Harrogate,5.1,19.8,25.0,,0.1,4.1,4.2,,199.6,171.8,"2,520.7",2.2,"2,894.3",,715.8,"1,269.0","1,984.8",,408.8,335.5,744.3,,7.3,,"5,659.9",,"1,336.8","1,800.2","2,522.8"
UKE1100,"Kingston upon Hull, City of ",1.6,4.6,6.3,,0.1,12.7,12.8,,516.5,37.7,807.6,1.2,"1,363.0",,"1,900.4","1,527.8","3,428.2",,759.3,474.4,"1,233.7",,24.0,,"6,068.0",,"3,202.0","2,057.2",808.7
UKE4302,Kirklees,215.0,9.9,224.9,,1.8,27.8,29.6,,840.0,64.7,"3,027.6",11.1,"3,943.4",,"4,360.4","3,091.1","7,451.4",,843.2,720.6,"1,563.8",,25.0,,"13,238.1",,"6,285.4","3,914.0","3,038.7"
UKE4200,Leeds,16.1,17.6,33.7,,0.8,34.4,35.2,,"1,125.8",94.1,"6,651.7",26.1,"7,897.6",,"3,809.0","5,400.2","9,209.3",,"2,050.5","1,423.9","3,474.4",,33.2,,"20,683.4",,"7,035.5","6,970.2","6,677.8"
UKE1301,North East Lincolnshire,0.2,9.4,9.7,,200.8,0.7,201.5,,694.9,35.2,810.1,6.5,"1,546.8",,"3,589.2","1,195.8","4,785.0",,557.1,286.5,843.7,,7.9,,"7,394.5",,"5,050.3","1,527.6",816.7
UKE1302,North Lincolnshire ,169.0,27.3,196.3,,"2,435.2",14.6,"2,449.8",,"20,733.8",135.0,"1,988.3",35.7,"22,892.8",,883.4,"1,100.6","1,983.9",,538.9,285.8,824.7,,103.1,,"28,450.6",,"24,863.4","1,563.2","2,024.0"
UKE2204,Richmondshire,0.9,25.1,26.0,,0.0,1.8,1.8,,89.0,146.2,"1,097.7",3.6,"1,336.5",,186.6,232.8,419.5,,106.8,115.1,221.9,,7.3,,"2,013.0",,390.7,521.0,"1,101.3"
UKE3103,Rotherham,7.9,32.8,40.7,,13.9,89.7,103.6,,442.1,57.3,"2,731.7",14.6,"3,245.7",,"1,358.0","1,992.1","3,350.1",,625.6,412.0,"1,037.6",,7.1,,"7,784.8",,"2,454.6","2,584.0","2,746.2"
UKE2205,Ryedale,0.5,20.6,21.0,,1.5,1.5,3.0,,119.8,151.2,869.9,0.7,"1,141.6",,399.8,333.3,733.2,,165.1,125.2,290.3,,0.5,,"2,189.6",,687.2,631.8,870.6
UKE2206,Scarborough,3.8,20.6,24.3,,0.0,1.5,1.5,,172.6,93.5,784.9,0.8,"1,051.7",,619.0,745.1,"1,364.2",,316.3,251.7,568.0,,8.9,,"3,018.5",,"1,120.6","1,112.3",785.6
UKE2207,Selby,24.4,30.9,55.3,,0.1,22.7,22.7,,495.2,140.7,"1,577.4",40.8,"2,254.2",,"1,445.2",534.0,"1,979.3",,332.1,166.3,498.4,,5.2,,"4,815.0",,"2,302.2",894.7,"1,618.2"
UKE3200,Sheffield,142.7,11.2,153.9,,15.3,30.3,45.7,,564.0,47.5,"2,624.9",25.9,"3,262.3",,"3,539.1","4,190.1","7,729.2",,"1,462.1",866.1,"2,328.2",,38.8,,"13,558.1",,"5,762.1","5,145.2","2,650.8"
UKE4303,Wakefield,23.9,62.8,86.7,,0.6,172.3,172.9,,683.0,108.3,"3,022.7",31.5,"3,845.5",,"1,852.2","2,530.7","4,382.9",,819.9,562.5,"1,382.4",,6.6,,"9,877.0",,"3,386.2","3,436.7","3,054.2"
UKE2100,York,11.5,12.8,24.4,,10.9,2.4,13.3,,194.6,76.5,"1,064.3",17.6,"1,352.9",,"1,471.2","1,437.3","2,908.5",,448.3,353.7,802.0,,11.8,,"5,112.9",,"2,148.3","1,882.7","1,081.9"
UKE,YORKSHIRE AND HUMBER,689.8,535.7,"1,225.6",,"2,686.9",753.4,"3,440.3",,"30,290.2","2,365.1","45,157.5",355.3,"78,168.0",,"36,713.3","38,384.5","75,097.8",,"13,482.8","9,441.9","22,924.7",,370.1,,"181,226.6",,"84,233.1","51,480.7","45,512.8"
UKF1301,Amber Valley,56.9,27.3,84.2,,0.2,14.0,14.2,,474.6,28.1,927.0,28.2,"1,457.9",,794.9,"1,232.7","2,027.6",,405.3,240.4,645.7,,4.4,,"4,234.0",,"1,736.4","1,542.5",955.2
UKF1501,Ashfield,0.3,26.7,27.0,,0.0,73.6,73.6,,150.3,36.2,845.2,1.5,"1,033.2",,596.7,889.4,"1,486.1",,318.8,203.4,522.2,,18.3,,"3,160.4",,"1,084.4","1,229.4",846.7
UKF1502,Bassetlaw ,15.1,40.8,56.0,,0.2,59.2,59.5,,790.4,127.7,"1,398.9",22.5,"2,339.5",,652.7,792.6,"1,445.3",,419.6,217.7,637.3,,26.0,,"4,563.6",,"1,904.0","1,238.1","1,421.4"
UKF2201,Blaby,2.1,3.1,5.2,,0.0,3.8,3.8,,123.3,21.0,"1,463.8",1.7,"1,609.8",,310.8,575.1,885.9,,212.5,173.3,385.8,,3.9,,"2,894.3",,652.5,776.3,"1,465.6"
UKF1201,Bolsover,232.8,30.9,263.7,,1.4,84.4,85.8,,106.2,41.4,"1,582.1",1.7,"1,731.4",,479.0,489.1,968.1,,224.9,130.2,355.1,,0.9,,"3,405.1",,"1,045.3",776.0,"1,583.8"
UKF3001,Boston,0.5,17.3,17.7,,0.0,1.2,1.2,,135.1,74.9,661.7,0.5,872.1,,115.2,368.9,484.1,,207.3,131.8,339.2,,5.0,,"1,719.3",,463.0,594.2,662.2
UKF1601,Broxtowe,0.7,5.6,6.3,,0.1,15.7,15.8,,113.1,12.9,"1,294.8",10.0,"1,430.9",,395.4,"1,043.5","1,438.9",,187.1,202.6,389.6,,1.0,,"3,282.5",,697.4,"1,280.3","1,304.9"
UKF2202,Charnwood,1.1,11.1,12.3,,0.1,0.8,0.9,,173.6,29.8,"1,219.5",26.7,"1,449.6",,969.9,"1,061.5","2,031.4",,507.8,289.9,797.8,,9.6,,"4,301.4",,"1,662.1","1,393.2","1,246.2"
UKF1202,Chesterfield,3.8,13.5,17.4,,4.9,35.6,40.5,,118.2,21.8,522.2,13.3,675.4,,404.5,717.5,"1,122.0",,331.5,173.3,504.8,,10.7,,"2,370.8",,873.6,961.8,535.4
UKF2301,Corby ,4.7,2.9,7.6,,3.4,2.3,5.7,,156.8,21.2,307.9,0.5,486.4,,"1,082.6",415.8,"1,498.4",,433.6,96.6,530.2,,11.2,,"2,539.5",,"1,692.2",538.9,308.4
UKF2302,Daventry,0.7,12.4,13.1,,0.4,0.9,1.3,,164.0,138.7,"2,477.3",9.2,"2,789.2",,299.5,541.4,840.9,,231.6,188.1,419.7,,1.6,,"4,065.8",,697.7,881.6,"2,486.6"
UKF1100,Derby,1.2,4.6,5.8,,0.6,11.5,12.1,,212.8,26.6,989.5,18.3,"1,247.2",,"1,429.6","1,484.1","2,913.7",,897.9,449.6,"1,347.5",,37.5,,"5,563.9",,"2,579.7","1,976.5","1,007.8"
UKF1303,Derbyshire Dales,25.4,20.6,45.9,,464.6,1.5,466.1,,451.9,86.0,"1,005.9",2.0,"1,545.8",,457.0,522.5,979.5,,344.3,169.3,513.7,,11.2,,"3,562.1",,"1,754.4",799.8,"1,007.9"
UKF3002,East Lindsey,6.1,57.5,63.6,,0.0,4.1,4.1,,297.4,309.9,"1,398.4",0.7,"2,006.4",,337.9,758.0,"1,096.0",,369.6,322.7,692.2,,9.6,,"3,871.8",,"1,020.5","1,452.1","1,399.1"
UKF2303,East Northamptonshire,4.0,13.6,17.6,,0.0,1.0,1.0,,109.0,96.0,967.5,0.2,"1,172.7",,153.6,312.2,465.7,,160.4,177.9,338.3,,39.0,,"2,034.3",,465.9,600.6,967.7
UKF1304,Erewash,0.2,4.9,5.1,,2.5,7.6,10.1,,110.0,12.1,"1,018.9",10.1,"1,151.2",,322.4,700.9,"1,023.3",,296.6,210.1,506.7,,0.5,,"2,696.8",,732.2,935.6,"1,029.0"
UKF1602,Gedling,2.7,14.8,17.5,,0.0,19.1,19.1,,156.2,26.0,415.5,1.5,599.2,,222.1,891.6,"1,113.7",,181.7,223.7,405.5,,2.9,,"2,157.8",,565.6,"1,175.2",417.0
UKF2203,Harborough,0.9,10.3,11.2,,0.4,0.7,1.1,,96.1,96.0,"1,525.1",26.5,"1,743.6",,201.5,480.3,681.8,,222.4,175.9,398.2,,1.0,,"2,837.0",,522.3,763.2,"1,551.6"
UKF1305,High Peak,193.3,7.6,200.8,,2.4,5.3,7.8,,811.9,32.8,678.9,11.4,"1,534.9",,569.7,672.0,"1,241.6",,571.9,176.6,748.6,,155.3,,"3,889.0",,"2,304.5",894.3,690.3
UKF2204,Hinckley and Bosworth,12.4,17.6,30.0,,1.7,1.2,2.9,,412.1,55.9,"1,195.2",0.7,"1,663.9",,822.2,"1,063.3","1,885.5",,321.4,207.5,528.9,,6.5,,"4,117.7",,"1,576.2","1,345.6","1,195.9"
UKF2304,Kettering,1.0,6.1,7.1,,0.0,0.4,0.4,,132.2,37.4,"1,110.4",30.6,"1,310.5",,443.0,730.9,"1,173.9",,215.6,174.7,390.3,,30.6,,"2,912.8",,822.3,949.5,"1,140.9"
UKF2100,Leicester,6.5,3.3,9.8,,1.4,9.0,10.4,,383.9,44.0,"1,204.8",11.6,"1,644.2",,"2,079.5","2,354.8","4,434.3",,"1,001.7",458.6,"1,460.3",,17.5,,"7,576.5",,"3,490.5","2,869.6","1,216.4"
UKF3003,Lincoln,0.0,2.3,2.3,,0.0,5.3,5.3,,113.3,23.3,287.1,1.4,425.0,,543.3,727.0,"1,270.2",,299.5,153.8,453.3,,3.2,,"2,159.4",,959.2,911.7,288.5
UKF1503,Mansfield,0.2,34.7,34.9,,0.1,93.5,93.5,,138.4,42.4,430.1,2.4,613.4,,257.9,733.4,991.3,,286.1,173.0,459.2,,7.0,,"2,199.3",,689.8,"1,077.0",432.5
UKF2205,Melton,4.7,10.3,15.0,,0.1,0.7,0.8,,149.7,84.4,391.5,4.0,629.5,,348.8,333.3,682.0,,179.3,113.1,292.4,,16.5,,"1,636.2",,699.0,541.8,395.4
UKF1504,Newark and Sherwood,9.9,40.8,50.7,,0.1,24.3,24.4,,225.6,116.7,"1,548.0",15.8,"1,906.0",,972.6,727.6,"1,700.1",,395.1,220.9,616.0,,2.1,,"4,299.3",,"1,605.3","1,130.3","1,563.8"
UKF1203,North East Derbyshire,4.7,22.1,26.8,,4.0,35.0,39.0,,212.1,29.3,"1,002.0",34.9,"1,278.3",,574.2,"1,130.8","1,704.9",,298.1,176.1,474.2,,6.8,,"3,530.1",,"1,099.8","1,393.4","1,036.9"
UKF3004,North Kesteven,3.5,25.9,29.4,,0.3,2.5,2.8,,200.7,141.2,"1,138.1",4.1,"1,484.2",,167.5,424.5,592.0,,282.9,219.0,501.9,,78.0,,"2,688.2",,732.9,813.1,"1,142.3"
UKF2206,North West Leicestershire,14.4,43.6,58.0,,0.2,3.1,3.3,,303.4,54.7,"2,133.6",1.5,"2,493.3",,660.1,823.7,"1,483.8",,442.5,183.3,625.8,,19.2,,"4,683.3",,"1,439.7","1,108.5","2,135.1"
UKF2305,Northampton,1.2,3.1,4.2,,0.0,5.0,5.0,,176.5,29.6,"1,464.2",2.0,"1,672.3",,884.1,"1,316.5","2,200.6",,615.7,399.5,"1,015.2",,8.0,,"4,905.3",,"1,685.5","1,753.7","1,466.1"
UKF1400,Nottingham,11.4,11.7,23.1,,0.2,32.7,33.0,,202.2,32.8,"1,209.8",8.8,"1,453.6",,"2,039.9","2,269.8","4,309.8",,841.0,501.4,"1,342.4",,35.9,,"7,197.8",,"3,130.7","2,848.5","1,218.6"
UKF2207,Oadby and Wigston,1.5,2.1,3.6,,0.0,0.2,0.2,,56.3,4.0,213.9,9.0,283.1,,143.1,267.4,410.5,,123.8,96.1,219.9,,3.1,,920.3,,327.7,369.7,222.9
UKF1603,Rushcliffe,11.7,11.3,23.0,,0.0,4.7,4.7,,209.7,63.9,"1,088.7",17.8,"1,380.1",,203.8,682.0,885.8,,193.5,219.5,413.0,,6.1,,"2,712.7",,624.9,981.4,"1,106.5"
UKF2208,Rutland,175.9,10.3,186.2,,0.0,0.7,0.7,,594.7,92.9,657.4,6.8,"1,351.8",,80.2,147.1,227.3,,310.9,83.6,394.6,,154.2,,"2,314.8",,"1,315.9",334.7,664.1
UKF1302,South Derbyshire,4.5,24.0,28.4,,0.3,14.0,14.4,,139.3,41.9,"1,335.8",17.2,"1,534.3",,601.9,813.0,"1,414.9",,482.2,170.5,652.7,,27.8,,"3,672.5",,"1,256.0","1,063.5","1,353.0"
UKF3005,South Holland,2.0,27.5,29.5,,0.2,2.0,2.1,,193.0,167.8,"1,034.4",2.9,"1,398.1",,343.3,469.3,812.6,,277.7,191.5,469.2,,11.1,,"2,722.7",,827.2,858.2,"1,037.3"
UKF3006,South Kesteven,3.2,25.7,28.9,,0.1,6.4,6.4,,210.6,207.6,"1,567.2",29.9,"2,015.3",,598.0,760.3,"1,358.3",,378.1,286.9,665.0,,21.2,,"4,095.1",,"1,211.2","1,286.9","1,597.0"
UKF2306,South Northamptonshire,11.9,16.9,28.8,,0.0,1.2,1.2,,137.5,142.8,"2,372.5",13.4,"2,666.1",,160.9,483.9,644.8,,200.5,206.0,406.5,,9.6,,"3,757.0",,520.4,850.8,"2,385.8"
UKF2307,Wellingborough,0.7,4.5,5.2,,0.0,0.3,0.3,,94.1,20.4,620.9,14.1,749.5,,232.8,519.8,752.6,,210.0,145.0,355.0,,2.3,,"1,865.0",,539.9,690.1,635.1
UKF3007,West Lindsey,0.7,18.5,19.2,,0.0,1.3,1.3,,160.2,150.0,"1,014.0",10.4,"1,334.6",,913.6,473.2,"1,386.8",,177.4,179.0,356.4,,10.7,,"3,109.0",,"1,262.5",822.1,"1,024.4"
UKF,EAST MIDLANDS,834.6,687.6,"1,522.2",,489.9,586.2,"1,076.1",,"9,196.1","2,822.2","43,719.5",425.7,"56,163.5",,"22,865.3","31,200.9","54,066.2",,"14,057.8","8,512.3","22,570.1",,826.6,,"136,224.7",,"48,270.2","43,809.3","44,145.2"
UKG3100,Birmingham,7.3,4.6,11.9,,3.8,11.8,15.6,,765.2,78.3,"4,942.3",48.5,"5,834.2",,"5,855.6","7,264.2","13,119.8",,"1,696.5","1,853.2","3,549.7",,70.8,,"22,601.9",,"8,399.1","9,212.1","4,990.7"
UKG2201,Bridgnorth,1.6,15.7,17.3,,0.0,2.0,2.1,,110.3,104.1,876.5,2.9,"1,093.8",,325.7,400.8,726.5,,87.0,123.5,210.5,,4.2,,"2,054.3",,528.8,646.1,879.4
UKG1201,Bromsgrove,3.2,5.4,8.5,,0.0,1.0,1.0,,143.9,37.8,"2,024.5",11.5,"2,217.7",,272.3,899.3,"1,171.6",,98.4,192.2,290.7,,0.6,,"3,690.2",,518.4,"1,135.7","2,036.0"
UKG2401,Cannock Chase,5.7,19.9,25.6,,0.0,23.7,23.7,,135.8,28.2,798.7,1.0,963.6,,289.7,609.4,899.1,,115.5,177.1,292.6,,8.9,,"2,213.5",,555.6,858.3,799.7
UKG3300,Coventry,48.0,4.6,52.7,,0.2,12.4,12.6,,480.9,34.6,"1,468.8",7.0,"1,991.3",,"1,456.4","1,986.5","3,442.9",,946.7,557.1,"1,503.8",,42.3,,"7,045.6",,"2,974.5","2,595.2","1,475.9"
UKG3401,Dudley,3.7,5.1,8.8,,5.5,13.6,19.1,,241.6,38.9,"1,401.2",3.7,"1,685.4",,"1,393.1","2,387.4","3,780.5",,431.0,585.8,"1,016.8",,16.7,,"6,527.3",,"2,091.6","3,030.8","1,404.9"
UKG2402,East Staffordshire,2.6,13.8,16.4,,0.7,6.7,7.4,,259.4,73.9,871.6,21.5,"1,226.4",,"1,094.3",630.3,"1,724.6",,474.2,226.8,701.1,,4.3,,"3,680.2",,"1,835.6",951.6,893.1
UKG1100,"Herefordshire, County of",14.2,46.0,60.2,,1.5,4.4,5.9,,487.9,469.0,"2,244.0",15.1,"3,216.0",,706.0,761.8,"1,467.8",,319.5,417.9,737.4,,3.4,,"5,490.7",,"1,532.7","1,698.9","2,259.1"
UKG2403,Lichfield,3.5,8.7,12.2,,0.2,9.7,9.8,,200.3,56.4,"2,302.9",21.6,"2,581.1",,506.5,968.0,"1,474.4",,177.0,200.7,377.7,,1.1,,"4,456.3",,888.5,"1,243.4","2,324.4"
UKG1202,Malvern Hills,0.5,15.2,15.6,,0.3,1.1,1.4,,152.8,191.5,"1,268.2",3.8,"1,616.4",,313.8,542.3,856.1,,89.7,179.1,268.9,,1.1,,"2,759.4",,558.1,929.2,"1,272.0"
UKG2404,Newcastle-under-Lyme,5.1,16.1,21.2,,0.5,20.7,21.2,,177.8,56.3,"1,543.1",9.7,"1,786.8",,937.8,861.6,"1,799.4",,192.9,221.8,414.8,,23.3,,"4,066.7",,"1,337.4","1,176.6","1,552.8"
UKG2202,North Shropshire,1.6,22.5,24.1,,0.1,3.0,3.0,,187.0,159.8,666.4,4.9,"1,018.0",,176.1,320.8,496.9,,159.5,130.6,290.0,,12.9,,"1,845.1",,537.2,636.6,671.3
UKG1301,North Warwickshire,6.3,19.7,26.0,,0.0,18.0,18.0,,208.5,36.0,"3,240.8",21.7,"3,506.9",,514.7,728.5,"1,243.2",,318.2,136.7,454.9,,25.3,,"5,274.3",,"1,073.1",938.8,"3,262.4"
UKG1302,Nuneaton and Bedworth,0.4,8.3,8.7,,0.9,20.2,21.0,,55.9,24.9,693.1,5.2,779.1,,295.5,650.4,946.0,,213.8,233.3,447.0,,1.6,,"2,203.4",,568.1,937.1,698.3
UKG2203,Oswestry,3.0,18.2,21.2,,0.1,3.0,3.1,,116.7,87.2,448.2,2.4,654.5,,258.5,162.1,420.6,,82.3,82.4,164.7,,4.1,,"1,268.2",,464.7,352.9,450.6
UKG1203,Redditch,1.6,2.4,4.1,,0.8,0.2,0.9,,121.1,12.7,333.3,0.0,467.1,,426.9,612.3,"1,039.1",,213.0,146.3,359.3,,3.2,,"1,873.8",,766.6,773.9,333.3
UKG1303,Rugby,2.0,6.4,8.4,,0.1,3.8,3.9,,205.2,63.7,"1,771.5",9.3,"2,049.6",,447.1,567.1,"1,014.2",,313.9,199.2,513.1,,2.6,,"3,591.8",,970.9,840.1,"1,780.7"
UKG3402,Sandwell,3.4,8.4,11.8,,11.0,5.7,16.7,,347.3,27.9,"1,820.3",10.7,"2,206.1",,"2,080.9","2,105.4","4,186.3",,627.1,521.0,"1,148.0",,14.2,,"7,583.1",,"3,083.7","2,668.4","1,831.0"
UKG2204,Shrewsbury and Atcham,0.0,22.0,22.0,,0.1,4.1,4.1,,111.7,199.5,"1,101.6",7.2,"1,420.1",,349.8,583.7,933.5,,169.3,201.9,371.2,,3.5,,"2,754.4",,634.4,"1,011.2","1,108.8"
UKG3200,Solihull,86.5,2.6,89.1,,0.0,2.6,2.6,,670.7,34.4,"2,281.9",12.9,"3,000.0",,"1,360.2","1,745.7","3,105.9",,296.2,437.7,733.9,,46.7,,"6,978.2",,"2,460.3","2,222.9","2,294.9"
UKG2205,South Shropshire,1.6,24.3,26.0,,0.0,2.9,2.9,,119.3,172.4,668.7,6.8,967.2,,127.4,185.6,313.0,,69.5,113.2,182.7,,27.7,,"1,519.4",,345.5,498.4,675.5
UKG2405,South Staffordshire,3.1,8.8,11.9,,0.2,5.4,5.6,,176.8,47.6,"2,339.9",12.1,"2,576.4",,864.0,"1,182.3","2,046.3",,150.0,211.4,361.4,,0.5,,"5,002.1",,"1,194.5","1,455.6","2,352.0"
UKG2406,Stafford,2.1,23.0,25.1,,0.3,1.6,1.9,,197.5,132.0,"2,421.3",31.1,"2,781.9",,641.2,"1,047.3","1,688.6",,198.0,257.6,455.6,,22.2,,"4,975.3",,"1,061.3","1,461.6","2,452.4"
UKG2407,Staffordshire Moorlands,138.2,18.2,156.4,,1.5,13.3,14.8,,705.9,89.6,867.5,0.5,"1,663.6",,578.5,967.5,"1,546.0",,538.9,193.1,732.0,,96.1,,"4,209.0",,"2,059.1","1,281.8",868.0
UKG2300,Stoke-on-Trent,2.2,26.7,29.0,,0.9,72.7,73.6,,373.0,73.6,"1,535.0",6.9,"1,988.5",,"1,895.8","1,886.7","3,782.5",,419.0,421.8,840.8,,53.2,,"6,767.6",,"2,744.1","2,481.6","1,541.9"
UKG1304,Stratford-on-Avon,10.9,27.2,38.1,,1.9,2.0,3.8,,304.0,233.5,"2,181.8",14.0,"2,733.2",,389.3,743.4,"1,132.6",,277.0,302.5,579.6,,13.2,,"4,500.5",,996.3,"1,308.4","2,195.8"
UKG2408,Tamworth,0.9,5.9,6.7,,0.0,11.6,11.6,,63.8,20.3,315.3,11.2,410.7,,186.1,377.0,563.1,,180.7,146.5,327.2,,5.2,,"1,324.5",,436.7,561.3,326.5
UKG2100,Telford and Wrekin,6.7,13.2,19.9,,4.6,11.5,16.1,,303.5,77.5,"1,152.3",3.0,"1,536.4",,828.4,"1,014.8","1,843.2",,411.9,283.2,695.1,,9.6,,"4,120.3",,"1,564.7","1,400.2","1,155.4"
UKG3501,Walsall,3.4,5.6,9.0,,6.5,15.2,21.6,,299.2,26.4,"2,155.1",2.7,"2,483.4",,"1,329.5","1,670.8","3,000.3",,396.4,481.8,878.2,,6.3,,"6,398.8",,"2,041.2","2,199.8","2,157.8"
UKG1305,Warwick,5.4,4.6,10.0,,2.0,3.3,5.3,,346.5,66.2,"1,895.2",15.8,"2,323.8",,807.6,"1,160.3","1,967.9",,456.8,276.4,733.2,,2.3,,"5,042.5",,"1,620.6","1,510.9","1,911.0"
UKG3502,Wolverhampton,0.5,6.3,6.8,,2.9,14.0,16.8,,240.6,42.4,"1,050.4",10.3,"1,343.7",,"1,366.5","1,679.0","3,045.5",,366.0,454.5,820.5,,17.6,,"5,250.9",,"1,994.0","2,196.2","1,060.7"
UKG1204,Worcester,0.0,1.8,1.8,,3.7,4.9,8.6,,109.6,37.3,449.3,1.4,597.6,,355.7,482.7,838.4,,200.9,177.2,378.2,,4.3,,"1,828.9",,674.2,704.0,450.7
UKG1205,Wychavon,3.9,18.5,22.4,,0.0,1.3,1.3,,253.4,183.2,"2,332.1",35.8,"2,804.5",,689.3,760.1,"1,449.5",,224.6,267.5,492.1,,9.1,,"4,779.0",,"1,180.4","1,230.7","2,367.9"
UKG1206,Wyre Forest,0.5,8.7,9.2,,0.2,1.5,1.7,,209.1,57.9,586.9,0.5,854.4,,520.8,581.8,"1,102.6",,150.2,197.6,347.7,,0.7,,"2,316.3",,881.4,847.5,587.4
UKG,WEST MIDLANDS,379.7,458.6,838.3,,50.3,328.8,379.1,,"8,881.9","3,074.9","52,049.6",372.7,"64,379.0",,"29,641.3","38,526.7","68,168.0",,"11,061.7","10,608.6","21,670.3",,558.6,,"155,993.4",,"50,573.5","52,997.6","52,422.3"
UKH1401,Babergh,17.8,19.3,37.1,,1.3,1.4,2.7,,295.6,268.8,"1,115.0",0.8,"1,680.3",,343.6,430.4,774.1,,194.4,210.5,404.9,,15.5,,"2,914.5",,868.2,930.4,"1,115.9"
UKH3301,Basildon,28.2,5.1,33.3,,0.0,4.9,4.9,,273.4,26.9,996.9,0.0,"1,297.2",,699.2,"1,095.9","1,795.0",,528.8,351.2,880.0,,12.9,,"4,023.4",,"1,542.6","1,483.9",996.9
UKH2203,Bedford,122.3,13.0,135.3,,0.2,5.5,5.7,,457.4,132.1,"1,131.0",37.8,"1,758.4",,301.0,658.8,959.8,,373.8,299.1,672.9,,9.8,,"3,541.8",,"1,264.5","1,108.4","1,168.9"
UKH3302,Braintree,3.5,23.9,27.4,,0.1,1.7,1.8,,257.6,271.8,"1,318.0",1.5,"1,848.9",,321.1,690.4,"1,011.5",,295.5,311.8,607.4,,17.9,,"3,514.8",,895.7,"1,299.6","1,319.5"
UKH1301,Breckland,4.2,35.4,39.6,,0.1,2.5,2.7,,328.0,420.9,"1,697.5",3.7,"2,450.0",,"1,034.4",477.0,"1,511.5",,328.2,299.7,627.9,,1.1,,"4,632.8",,"1,696.1","1,235.5","1,701.2"
UKH3303,Brentwood,0.7,1.8,2.5,,0.0,4.3,4.3,,74.9,32.8,"1,206.0",1.3,"1,315.0",,191.8,581.7,773.6,,154.5,160.1,314.6,,7.8,,"2,417.9",,429.8,780.9,"1,207.3"
UKH1302,Broadland,295.2,19.7,314.9,,11.8,1.7,13.4,,402.8,245.8,"1,002.9",1.5,"1,653.0",,650.6,"1,165.0","1,815.5",,197.9,269.2,467.1,,4.9,,"4,268.8",,"1,563.1","1,701.3","1,004.4"
UKH2301,Broxbourne,0.5,0.5,1.0,,0.0,2.1,2.1,,76.0,18.1,787.4,0.4,881.9,,286.9,531.9,818.8,,180.0,181.1,361.1,,1.4,,"2,066.1",,544.7,733.7,787.8
UKH1201,Cambridge,0.2,4.2,4.4,,0.0,1.2,1.2,,57.0,31.4,352.7,0.7,441.8,,901.6,902.2,"1,803.7",,463.1,194.9,658.0,,15.0,,"2,924.1",,"1,436.8","1,133.9",353.3
UKH3304,Castle Point,0.0,2.4,2.4,,0.2,0.2,0.4,,23.7,12.7,298.4,0.0,334.9,,129.9,806.1,936.0,,85.1,182.0,267.2,,5.1,,"1,546.0",,244.0,"1,003.5",298.4
UKH3305,Chelmsford,4.0,13.6,17.6,,0.0,1.0,1.0,,209.3,166.2,"1,501.4",1.3,"1,878.2",,396.9,917.5,"1,314.4",,380.0,358.5,738.5,,5.6,,"3,955.2",,995.7,"1,456.8","1,502.7"
UKH3306,Colchester,1.9,17.6,19.6,,0.0,1.2,1.2,,171.2,245.3,"1,241.8",1.7,"1,660.0",,342.9,930.2,"1,273.1",,338.6,328.5,667.1,,18.1,,"3,639.1",,872.8,"1,522.8","1,243.5"
UKH2302,Dacorum,3.2,7.1,10.3,,0.0,3.5,3.5,,220.8,71.4,959.3,7.8,"1,259.4",,649.4,926.4,"1,575.8",,331.9,282.2,614.1,,2.1,,"3,465.2",,"1,207.4","1,290.6",967.1
UKH1202,East Cambridgeshire,7.2,14.4,21.7,,0.0,1.1,1.1,,202.9,203.3,"1,118.6",9.3,"1,534.1",,137.5,318.2,455.7,,187.3,179.3,366.6,,9.2,,"2,388.3",,544.2,716.3,"1,127.9"
UKH2303,East Hertfordshire,2.8,10.3,13.1,,0.0,1.0,1.0,,435.9,135.2,"1,111.1",0.2,"1,682.4",,504.7,886.7,"1,391.3",,358.4,306.8,665.2,,28.5,,"3,781.6",,"1,330.3","1,340.0","1,111.3"
UKH3307,Epping Forest,1.4,5.4,6.8,,0.1,0.4,0.5,,62.9,56.0,"2,278.0",0.2,"2,397.1",,521.2,"1,171.4","1,692.6",,170.2,283.0,453.3,,3.5,,"4,553.7",,759.3,"1,516.2","2,278.3"
UKH1203,Fenland,22.1,16.4,38.5,,0.1,1.1,1.2,,209.7,143.3,726.8,11.0,"1,090.8",,488.1,480.9,969.1,,298.7,197.7,496.4,,4.5,,"2,600.4",,"1,023.1",839.5,737.9
UKH1402,Forest Heath,0.2,11.1,11.4,,0.0,0.8,0.8,,70.8,158.7,821.7,2.0,"1,053.2",,173.8,241.4,415.2,,267.1,147.4,414.5,,15.5,,"1,910.7",,527.5,559.5,823.7
UKH1303,Great Yarmouth ,0.7,20.9,21.7,,0.0,1.5,1.5,,82.8,182.8,575.8,0.1,841.5,,274.3,459.4,733.7,,202.7,217.5,420.2,,5.6,,"2,024.2",,566.1,882.2,575.9
UKH3308,Harlow,5.0,2.2,7.2,,0.0,3.8,3.8,,80.9,24.6,302.6,0.2,408.4,,299.2,503.3,802.5,,324.4,142.9,467.2,,12.7,,"1,701.8",,722.2,676.8,302.8
UKH2304,Hertsmere,0.2,1.7,1.9,,0.0,0.7,0.7,,72.7,12.4,"1,443.7",15.0,"1,543.9",,476.2,809.7,"1,285.9",,219.5,202.1,421.6,,24.8,,"3,278.9",,793.5,"1,026.6","1,458.7"
UKH1204,Huntingdonshire,2.9,16.4,19.3,,0.0,1.1,1.1,,268.0,197.9,"2,711.9",17.5,"3,195.3",,562.8,919.7,"1,482.6",,548.0,347.9,895.8,,7.5,,"5,601.8",,"1,389.3","1,483.0","2,729.5"
UKH1403,Ipswich,0.0,7.0,7.0,,1.6,0.5,2.1,,93.3,37.7,562.9,3.5,697.4,,430.8,886.6,"1,317.4",,413.6,243.9,657.4,,11.3,,"2,692.7",,950.6,"1,175.6",566.4
UKH1308,King's Lynn and West Norfolk ,12.7,55.1,67.8,,18.0,3.9,21.9,,319.3,475.5,"1,860.8",0.7,"2,656.3",,"1,343.1",632.8,"1,975.9",,422.9,390.4,813.3,,3.5,,"5,538.5",,"2,119.4","1,557.7","1,861.5"
UKH2100,Luton,0.9,3.3,4.2,,0.3,9.3,9.5,,124.2,36.2,862.1,11.3,"1,033.7",,674.5,"1,123.1","1,797.6",,502.5,321.8,824.3,,14.3,,"3,683.7",,"1,316.6","1,493.7",873.4
UKH3309,Maldon,0.1,11.5,11.6,,0.0,0.8,0.9,,62.7,169.2,288.9,0.0,520.8,,121.0,302.1,423.1,,131.0,152.0,283.0,,6.8,,"1,246.2",,321.6,635.7,288.9
UKH2202,Mid Bedfordshire,10.8,15.2,26.0,,0.0,1.1,1.1,,294.5,131.3,"1,844.2",31.0,"2,300.9",,248.2,641.4,889.6,,261.7,276.7,538.4,,14.1,,"3,770.0",,829.2,"1,065.7","1,875.1"
UKH1408,Mid Suffolk,3.1,27.5,30.6,,0.1,2.0,2.0,,212.1,379.1,"1,358.4",4.9,"1,954.6",,196.1,319.4,515.5,,233.9,235.7,469.6,,6.7,,"2,979.0",,652.1,963.7,"1,363.3"
UKH2305,North Hertfordshire,1.6,11.6,13.2,,1.0,2.4,3.4,,150.0,115.2,"1,080.7",4.6,"1,350.6",,392.9,940.2,"1,333.1",,290.5,253.4,543.9,,13.6,,"3,257.7",,849.5,"1,322.9","1,085.3"
UKH1305,North Norfolk,8.1,39.9,48.0,,0.0,2.9,2.9,,205.3,339.1,976.6,0.7,"1,521.7",,234.3,490.4,724.7,,270.4,288.5,558.9,,9.9,,"2,866.1",,728.0,"1,160.7",977.4
UKH1306,Norwich,4.9,7.6,12.5,,0.0,4.2,4.2,,624.1,49.3,453.3,0.4,"1,127.0",,429.0,586.8,"1,015.8",,419.9,217.9,637.9,,2.2,,"2,799.5",,"1,480.0",865.8,453.6
UKH1100,Peterborough,4.7,10.6,15.4,,0.0,8.0,8.0,,222.1,91.7,"1,537.2",14.3,"1,865.4",,727.1,"1,182.9","1,910.0",,572.4,307.6,880.0,,12.2,,"4,691.0",,"1,538.5","1,600.9","1,551.6"
UKH3310,Rochford,1.5,3.7,5.2,,0.0,0.2,0.3,,65.5,19.4,491.3,0.0,576.2,,222.0,862.6,"1,084.6",,116.7,165.5,282.3,,13.4,,"1,962.0",,419.1,"1,051.5",491.3
UKH2204,South Bedfordshire,42.1,8.2,50.3,,0.0,0.6,0.6,,149.0,75.8,"1,002.9",15.1,"1,242.8",,646.0,"1,678.8","2,324.8",,247.0,235.7,482.6,,1.2,,"4,102.3",,"1,085.3","1,999.0","1,018.0"
UKH1205,South Cambridgeshire,49.6,20.6,70.1,,0.4,1.5,1.8,,527.0,324.2,"2,747.1",1.8,"3,600.1",,522.0,745.2,"1,267.2",,463.0,317.4,780.5,,42.1,,"5,761.9",,"1,604.1","1,408.9","2,748.9"
UKH1309,South Norfolk,53.8,28.4,82.2,,0.4,2.0,2.5,,233.6,417.9,"1,589.3",2.3,"2,243.0",,179.8,370.6,550.5,,232.6,291.1,523.7,,17.0,,"3,418.8",,717.2,"1,110.0","1,591.6"
UKH3100,Southend-on-Sea,0.2,4.5,4.8,,0.0,0.3,0.3,,63.8,14.1,523.8,0.0,601.8,,327.6,"1,211.6","1,539.1",,360.6,352.5,713.1,,5.5,,"2,864.6",,757.8,"1,583.0",523.8
UKH2306,St. Albans,0.7,4.2,4.9,,0.1,0.3,0.4,,94.6,20.8,"2,203.8",22.5,"2,341.7",,615.6,"1,240.6","1,856.2",,230.3,274.1,504.4,,14.2,,"4,721.7",,955.5,"1,540.0","2,226.3"
UKH1409,St. Edmundsbury,4.7,22.6,27.3,,14.5,1.6,16.2,,606.1,262.2,"1,144.4",2.2,"2,014.8",,"1,831.7",622.0,"2,453.6",,320.3,228.2,548.6,,4.5,,"5,064.9",,"2,781.7","1,136.6","1,146.6"
UKH2307,Stevenage,0.5,1.8,2.3,,0.0,3.8,3.8,,71.2,25.7,514.2,2.5,613.6,,389.3,497.6,886.9,,263.8,141.6,405.4,,7.5,,"1,919.4",,732.3,670.4,516.7
UKH1406,Suffolk Coastal,4.0,19.7,23.7,,0.0,1.4,1.4,,117.6,204.5,"1,382.6",4.4,"1,709.1",,206.1,565.8,771.9,,307.2,307.3,614.5,,7.3,,"3,127.9",,642.2,"1,098.7","1,387.1"
UKH3311,Tendring,1.6,16.9,18.5,,0.0,1.2,1.2,,548.3,190.5,787.2,1.5,"1,527.6",,414.9,"1,043.1","1,458.0",,232.6,315.0,547.6,,11.9,,"3,564.8",,"1,209.4","1,566.7",788.8
UKH2308,Three Rivers,4.4,2.1,6.5,,0.0,0.2,0.2,,80.4,11.2,"1,206.4",4.2,"1,302.1",,282.5,707.8,990.3,,177.4,181.8,359.2,,0.8,,"2,659.1",,545.5,903.0,"1,210.6"
UKH3200,Thurrock ,150.3,3.1,153.4,,0.0,4.1,4.2,,"7,035.5",14.2,"1,286.7",1.0,"8,337.4",,"2,793.3","1,078.7","3,872.0",,783.8,301.6,"1,085.4",,9.6,,"13,462.0",,"10,772.5","1,401.7","1,287.7"
UKH3312,Uttlesford,2.8,11.5,14.3,,0.0,0.8,0.9,,143.6,226.0,"1,506.3",1.7,"1,877.6",,238.6,520.6,759.2,,204.9,176.9,381.8,,12.2,,"3,045.9",,602.2,935.8,"1,508.0"
UKH2309,Watford,0.0,0.9,0.9,,0.1,1.8,2.0,,25.1,12.0,367.5,2.6,407.1,,234.9,633.5,868.4,,271.6,156.2,427.8,,15.2,,"1,721.3",,546.9,804.3,370.1
UKH1407,Waveney,3.5,17.3,20.8,,0.0,1.2,1.2,,254.5,148.3,743.5,0.7,"1,147.0",,319.1,731.6,"1,050.7",,370.7,251.6,622.3,,4.7,,"2,846.8",,952.5,"1,150.0",744.2
UKH2310,Welwyn Hatfield,1.4,2.4,3.9,,0.0,0.2,0.2,,268.7,26.9,"1,203.0",8.2,"1,506.8",,534.3,813.9,"1,348.2",,328.8,199.9,528.7,,13.9,,"3,401.6",,"1,147.1","1,043.3","1,211.2"
UKH,EAST ENGLAND,892.6,619.5,"1,512.0",,50.6,99.2,149.8,,"16,926.4","6,876.5","54,223.9",256.2,"78,283.0",,"24,241.8","36,333.7","60,575.5",,"14,858.2","12,037.8","26,896.1",,504.0,,"167,920.4",,"57,473.7","55,966.6","54,480.1"
UKI2101,Barking and Dagenham,5.2,1.0,6.2,,0.3,2.8,3.1,,104.1,11.7,805.5,1.3,922.6,,347.2,876.8,"1,224.0",,427.9,308.9,736.8,,1.1,,"2,893.8",,885.8,"1,201.2",806.8
UKI2301,Barnet,0.0,2.3,2.3,,0.0,5.6,5.6,,59.3,22.4,"2,189.6",18.9,"2,290.2",,981.4,"2,832.5","3,813.9",,485.5,677.1,"1,162.6",,7.6,,"7,282.2",,"1,533.9","3,539.8","2,208.5"
UKI2102,Bexley,11.3,1.0,12.3,,0.1,2.8,2.9,,173.0,16.4,"1,384.6",1.5,"1,575.5",,"1,267.6","1,765.4","3,033.0",,392.4,426.5,818.9,,0.8,,"5,443.3",,"1,845.2","2,212.1","1,386.0"
UKI2302,Brent,0.1,1.3,1.5,,0.0,3.1,3.1,,81.6,22.3,"1,108.5",7.4,"1,219.7",,838.7,"2,011.0","2,849.7",,718.4,460.4,"1,178.8",,4.0,,"5,256.8",,"1,642.9","2,498.1","1,115.9"
UKI2201,Bromley,0.5,2.3,2.8,,0.0,5.3,5.3,,139.7,23.3,"1,898.6",1.7,"2,063.3",,752.9,"2,849.1","3,602.1",,492.1,615.5,"1,107.5",,7.7,,"6,788.7",,"1,392.8","3,495.6","1,900.3"
UKI1102,Camden,0.0,0.5,0.5,,0.0,1.5,1.5,,49.9,13.9,978.3,11.1,"1,053.2",,"1,131.4",728.8,"1,860.1",,"1,342.1",361.1,"1,703.2",,8.1,,"4,626.7",,"2,531.5","1,105.9",989.4
UKI1101,City of London,0.0,0.0,0.0,,0.0,0.0,0.0,,11.2,0.6,296.1,0.0,307.9,,"1,832.5",876.1,"2,708.6",,"2,461.9",24.4,"2,486.3",,2.5,,"5,505.4",,"4,308.2",901.0,296.1
UKI2202,Croydon,0.0,2.7,2.7,,0.2,5.3,5.5,,41.6,26.2,"1,717.8",1.9,"1,787.5",,803.0,"2,744.2","3,547.2",,714.7,641.6,"1,356.4",,2.4,,"6,701.7",,"1,562.0","3,420.0","1,719.7"
UKI2303,Ealing,0.0,1.0,1.0,,0.0,3.4,3.4,,108.7,21.7,"1,533.9",45.1,"1,709.4",,"1,080.5","2,129.7","3,210.1",,711.5,528.2,"1,239.7",,4.3,,"6,167.9",,"1,905.0","2,683.9","1,579.0"
UKI2103,Enfield,0.0,2.3,2.3,,0.0,6.8,6.8,,107.9,19.7,"1,759.0",0.1,"1,886.7",,834.8,"2,189.7","3,024.5",,512.2,573.8,"1,086.0",,81.8,,"6,088.1",,"1,536.8","2,792.2","1,759.1"
UKI2104,Greenwich,1.4,0.5,1.9,,0.3,2.1,2.4,,240.7,14.6,"1,273.4",1.0,"1,529.7",,"1,099.5","1,448.7","2,548.2",,379.6,388.6,768.2,,2.8,,"4,853.2",,"1,724.3","1,854.5","1,274.4"
UKI1201,Hackney,0.0,1.3,1.3,,0.0,2.5,2.5,,16.9,19.9,786.3,1.8,824.8,,415.2,"1,089.3","1,504.5",,407.2,350.0,757.2,,3.6,,"3,094.0",,842.9,"1,463.0",788.0
UKI1103,Hammersmith and Fulham,0.0,1.3,1.3,,0.0,2.2,2.2,,61.7,13.5,739.0,5.7,819.8,,945.2,"1,264.3","2,209.5",,656.9,301.1,957.9,,8.1,,"3,998.9",,"1,671.8","1,582.5",744.6
UKI1202,Haringey,0.0,2.3,2.3,,0.0,6.2,6.2,,39.5,21.6,"1,031.6",3.0,"1,095.7",,633.7,"1,795.7","2,429.4",,439.5,424.5,864.0,,1.4,,"4,399.0",,"1,114.1","2,250.3","1,034.6"
UKI2304,Harrow,0.0,1.0,1.0,,0.0,2.5,2.5,,87.2,13.3,934.2,3.5,"1,038.2",,936.3,"1,610.2","2,546.5",,268.7,395.0,663.7,,1.0,,"4,252.9",,"1,293.2","2,022.0",937.7
UKI2105,Havering,0.0,2.3,2.3,,0.0,6.5,6.5,,93.5,18.1,"1,774.5",1.8,"1,887.9",,408.3,"1,900.8","2,309.2",,355.3,461.2,816.5,,4.1,,"5,026.6",,861.4,"2,388.9","1,776.3"
UKI2305,Hillingdon,0.0,1.5,1.5,,0.1,4.1,4.2,,196.0,21.5,"2,349.8",23.8,"2,591.1",,"1,718.2","2,200.2","3,918.4",,"1,163.3",466.5,"1,629.8",,4.7,,"8,149.6",,"3,082.3","2,693.7","2,373.6"
UKI2306,Hounslow,1.2,1.8,3.0,,0.0,4.6,4.6,,76.4,15.2,"1,868.9",1.1,"1,961.6",,"1,088.3","1,555.4","2,643.7",,853.4,392.8,"1,246.2",,1.9,,"5,861.1",,"2,021.1","1,969.9","1,870.0"
UKI1203,Islington,0.0,0.5,0.5,,0.0,1.5,1.5,,37.7,13.8,759.5,2.7,813.6,,"1,264.6","1,375.8","2,640.4",,906.6,324.3,"1,231.0",,3.2,,"4,690.3",,"2,212.1","1,715.9",762.2
UKI1104,Kensington and Chelsea,0.0,0.5,0.5,,0.0,1.5,1.5,,33.3,12.7,895.3,9.1,950.4,,"1,429.9","1,158.3","2,588.2",,"1,020.8",385.8,"1,406.6",,5.6,,"4,952.9",,"2,489.6","1,558.8",904.4
UKI2203,Kingston upon Thames,0.0,1.8,1.8,,0.0,5.2,5.2,,35.4,11.4,988.8,0.8,"1,036.3",,354.3,"1,237.8","1,592.2",,339.8,294.4,634.2,,3.0,,"3,272.8",,732.6,"1,550.6",989.6
UKI1204,Lambeth,0.0,1.0,1.0,,0.0,2.5,2.5,,18.0,22.5,"1,210.0",1.6,"1,252.1",,"1,141.9","2,109.3","3,251.2",,567.2,471.0,"1,038.2",,0.3,,"5,545.2",,"1,727.3","2,606.3","1,211.6"
UKI1205,Lewisham,0.0,2.3,2.3,,0.0,6.5,6.5,,17.3,23.4,"1,293.6",2.7,"1,336.9",,964.4,"1,684.7","2,649.1",,315.2,442.0,757.2,,56.2,,"4,808.2",,"1,353.1","2,158.8","1,296.3"
UKI2204,Merton,0.0,1.0,1.0,,0.0,2.8,2.8,,71.2,14.3,889.3,0.9,975.7,,657.7,"1,453.6","2,111.3",,339.1,336.1,675.2,,0.3,,"3,766.2",,"1,068.2","1,807.8",890.2
UKI1206,Newham,2.1,2.8,5.0,,0.1,6.8,7.0,,104.4,23.1,"1,485.7",2.4,"1,615.7",,"1,130.3","1,925.1","3,055.3",,772.3,380.0,"1,152.2",,3.1,,"5,838.2",,"2,012.3","2,337.8","1,488.1"
UKI2106,Redbridge,0.0,1.8,1.8,,0.0,4.3,4.3,,45.9,21.5,"1,638.4",0.6,"1,706.4",,455.7,"2,023.4","2,479.2",,266.1,430.9,697.1,,2.4,,"4,891.2",,770.2,"2,482.0","1,639.0"
UKI2307,Richmond upon Thames,0.8,1.8,2.6,,0.0,4.1,4.1,,45.7,12.3,"1,125.4",0.3,"1,183.6",,835.6,"1,877.7","2,713.4",,379.5,363.0,742.4,,0.8,,"4,646.8",,"1,262.3","2,258.9","1,125.6"
UKI1207,Southwark,0.2,1.8,2.1,,0.0,4.1,4.1,,111.9,20.8,"1,261.1",1.2,"1,395.0",,"1,398.3","1,636.4","3,034.7",,"1,210.3",456.8,"1,667.1",,7.9,,"6,110.8",,"2,728.6","2,119.9","1,262.3"
UKI2205,Sutton,0.0,1.0,1.0,,0.0,2.5,2.5,,29.6,12.2,942.9,0.0,984.6,,534.1,"1,579.8","2,113.9",,275.5,363.2,638.7,,3.2,,"3,744.0",,842.4,"1,958.7",942.9
UKI1208,Tower Hamlets,0.0,1.0,1.0,,0.0,2.5,2.5,,49.9,14.5,"1,218.4",0.2,"1,283.1",,"1,648.0","1,245.5","2,893.6",,"2,311.6",349.3,"2,660.8",,4.3,,"6,845.3",,"4,013.9","1,612.8","1,218.6"
UKI2107,Waltham Forest,0.0,1.8,1.8,,0.0,4.6,4.6,,34.5,19.5,"1,076.3",0.3,"1,130.6",,536.9,"1,735.6","2,272.5",,329.7,398.8,728.5,,2.9,,"4,140.9",,904.0,"2,160.3","1,076.6"
UKI1105,Wandsworth,0.6,1.0,1.6,,0.0,3.1,3.1,,102.2,18.3,"1,331.0",3.3,"1,454.9",,994.2,"1,895.6","2,889.8",,599.3,499.8,"1,099.1",,7.3,,"5,455.8",,"1,703.7","2,417.8","1,334.3"
UKI1106,Westminster,0.0,1.3,1.4,,0.1,2.8,2.9,,102.0,14.1,"1,581.0",6.8,"1,703.9",,"3,925.1","1,267.4","5,192.6",,"3,235.1",494.1,"3,729.2",,20.7,,"10,650.6",,"7,283.1","1,779.7","1,587.8"
UKI,LONDON,23.5,48.0,71.5,,1.5,122.2,123.7,,"2,527.8",570.3,"42,126.1",163.6,"45,387.8",,"34,385.8","56,074.0","90,459.9",,"25,650.8","13,786.4","39,437.2",,269.0,,"175,749.0",,"62,858.4","70,600.9","42,289.6"
UKJ2401,Adur,2.1,2.1,4.2,,0.0,0.2,0.2,,42.7,7.5,431.9,0.2,482.3,,133.1,306.7,439.8,,119.2,128.2,247.4,,15.5,,"1,189.5",,312.7,444.7,432.1
UKJ2402,Arun,1.4,7.8,9.2,,0.0,0.6,0.6,,102.1,52.3,877.0,0.4,"1,031.7",,642.7,"1,135.7","1,778.4",,236.6,310.5,547.1,,2.9,,"3,369.9",,985.6,"1,506.9",877.4
UKJ4201,Ashford,9.8,15.2,25.0,,0.2,1.1,1.2,,309.2,173.4,"1,445.8",3.4,"1,931.8",,406.2,523.8,930.0,,286.0,227.0,512.9,,15.3,,"3,416.2",,"1,026.6",940.4,"1,449.2"
UKJ1301,Aylesbury Vale,3.9,25.9,29.8,,0.0,3.3,3.4,,275.7,214.8,"1,591.2",10.9,"2,092.6",,463.9,"1,069.1","1,533.0",,323.4,362.9,686.2,,26.4,,"4,371.4",,"1,093.3","1,676.0","1,602.1"
UKJ3301,Basingstoke and Deane,6.8,10.3,17.1,,0.0,0.7,0.7,,332.7,137.0,"2,199.1",21.6,"2,690.5",,"1,108.8",954.8,"2,063.5",,495.8,327.7,823.4,,25.9,,"5,621.2",,"1,969.9","1,430.5","2,220.8"
UKJ1101,Bracknell Forest,0.9,1.7,2.6,,0.0,0.5,0.5,,60.0,29.5,694.0,0.5,784.0,,406.3,798.6,"1,204.9",,417.6,218.2,635.8,,5.4,,"2,633.2",,890.3,"1,048.5",694.4
UKJ2100,Brighton and Hove,2.1,6.7,8.8,,0.0,2.9,2.9,,106.6,45.3,"1,027.0",0.3,"1,179.2",,669.3,"1,835.6","2,504.9",,539.3,514.1,"1,053.4",,8.3,,"4,757.6",,"1,325.6","2,404.6","1,027.3"
UKJ4202,Canterbury,5.3,12.4,17.6,,0.0,1.2,1.2,,122.5,67.5,"1,063.1",0.0,"1,253.1",,392.4,958.1,"1,350.5",,274.7,260.1,534.8,,15.1,,"3,172.3",,810.0,"1,299.3","1,063.1"
UKJ1401,Cherwell,188.2,19.7,207.9,,0.3,1.4,1.7,,814.2,186.7,"2,449.3",28.3,"3,478.4",,"1,140.6",786.6,"1,927.2",,351.8,296.0,647.8,,158.4,,"6,421.4",,"2,653.5","1,290.4","2,477.5"
UKJ2403,Chichester,6.1,15.2,21.2,,0.0,1.1,1.1,,174.4,166.0,"1,229.6",0.9,"1,570.8",,663.3,651.9,"1,315.2",,280.0,291.0,571.0,,5.5,,"3,484.8",,"1,129.2","1,125.1","1,230.4"
UKJ1302,Chiltern,1.8,4.5,6.4,,1.5,0.3,1.8,,138.7,53.2,566.8,2.4,761.1,,288.6,891.5,"1,180.1",,148.8,209.9,358.7,,13.5,,"2,321.5",,592.9,"1,159.5",569.1
UKJ2404,Crawley,0.5,0.5,1.0,,0.1,0.7,0.7,,89.4,20.3,512.1,0.7,622.6,,453.5,803.6,"1,257.1",,441.9,172.8,614.6,,8.6,,"2,504.7",,994.0,997.8,512.9
UKJ4203,Dartford,9.3,3.1,12.4,,0.0,4.7,4.8,,201.3,13.9,"1,236.5",1.3,"1,453.0",,"1,007.3",667.7,"1,675.0",,340.7,166.8,507.5,,8.4,,"3,661.1",,"1,567.1",856.2,"1,237.8"
UKJ4204,Dover,24.0,19.3,43.3,,0.2,1.4,1.6,,214.4,68.1,778.5,0.0,"1,061.0",,932.3,749.5,"1,681.8",,240.3,201.9,442.2,,1.2,,"3,231.1",,"1,412.5","1,040.1",778.5
UKJ3302,East Hampshire,4.3,13.9,18.3,,0.0,1.0,1.0,,132.9,149.0,"1,289.2",1.0,"1,572.0",,334.4,848.7,"1,183.1",,232.7,257.2,489.9,,4.9,,"3,269.2",,709.2,"1,269.8","1,290.2"
UKJ2202,Eastbourne,0.5,3.3,3.8,,0.0,0.2,0.2,,77.0,17.1,335.0,0.0,429.0,,150.7,307.3,457.9,,202.4,184.5,386.9,,7.3,,"1,285.1",,437.8,512.4,335.0
UKJ3303,Eastleigh,2.8,4.5,7.3,,0.0,0.3,0.3,,113.9,35.9,"1,120.9",3.5,"1,274.1",,394.8,906.7,"1,301.4",,311.9,223.8,535.7,,15.3,,"3,134.2",,838.6,"1,171.2","1,124.4"
UKJ2301,Elmbridge,0.5,1.8,2.3,,0.0,4.6,4.7,,51.7,22.8,"1,204.5",2.5,"1,281.6",,511.5,"1,154.1","1,665.5",,265.2,289.0,554.2,,3.6,,"3,511.8",,832.5,"1,472.4","1,207.0"
UKJ2302,Epsom and Ewell,0.0,2.1,2.1,,0.0,0.2,0.2,,37.0,6.9,262.7,0.0,306.6,,180.9,501.5,682.4,,107.7,135.8,243.5,,2.4,,"1,237.2",,328.1,646.4,262.7
UKJ3304,Fareham,0.9,1.8,2.8,,0.2,4.1,4.2,,80.7,29.8,816.1,0.6,927.3,,318.2,906.3,"1,224.6",,293.4,212.7,506.1,,21.5,,"2,686.5",,715.0,"1,154.8",816.7
UKJ3305,Gosport,0.0,2.1,2.1,,0.1,0.2,0.3,,42.4,6.0,201.9,0.0,250.5,,198.3,387.9,586.1,,157.9,156.1,314.0,,2.4,,"1,155.4",,401.2,552.3,202.0
UKJ4205,Gravesham,157.5,3.3,160.8,,13.3,1.4,14.7,,598.6,43.2,718.6,2.3,"1,362.7",,536.2,653.0,"1,189.2",,567.6,174.4,741.9,,137.3,,"3,606.6",,"2,010.4",875.3,720.9
UKJ2303,Guildford,0.9,4.3,5.2,,0.0,3.3,3.4,,140.0,61.0,"1,509.9",3.0,"1,713.9",,532.6,"1,049.3","1,581.9",,336.7,280.4,617.0,,30.3,,"3,951.6",,"1,040.5","1,398.3","1,512.9"
UKJ3306,Hart,4.0,3.3,7.3,,0.4,0.2,0.7,,164.7,39.4,"1,070.2",2.9,"1,277.2",,231.9,649.8,881.7,,167.5,180.8,348.3,,0.6,,"2,515.6",,569.1,873.5,"1,073.0"
UKJ2203,Hastings,0.5,4.5,5.0,,0.0,0.3,0.3,,130.8,14.4,241.6,0.3,387.1,,232.8,546.0,778.8,,164.6,175.7,340.2,,35.3,,"1,546.7",,563.9,740.9,241.9
UKJ3307,Havant,33.0,4.5,37.5,,0.0,0.3,0.3,,148.8,18.3,721.2,0.4,888.7,,255.0,861.5,"1,116.5",,259.8,240.7,500.4,,26.4,,"2,569.9",,723.0,"1,125.3",721.6
UKJ2405,Horsham,6.7,10.3,17.0,,0.0,0.7,0.8,,305.2,188.7,"1,265.0",0.1,"1,759.0",,523.2,872.1,"1,395.3",,292.9,289.2,582.1,,9.3,,"3,763.6",,"1,137.4","1,361.1","1,265.1"
UKJ3400,Isle of Wight,1.9,13.6,15.5,,0.0,1.0,1.0,,211.2,79.8,756.9,0.0,"1,047.9",,884.2,881.8,"1,766.0",,274.0,312.4,586.4,,20.3,,"3,437.0",,"1,391.6","1,288.6",756.9
UKJ2205,Lewes,2.7,8.2,10.9,,0.0,0.6,0.6,,122.3,78.6,739.3,0.0,940.2,,339.4,"1,041.0","1,380.5",,197.1,204.2,401.3,,5.9,,"2,739.3",,667.4,"1,332.6",739.3
UKJ4206,Maidstone,5.8,7.8,13.7,,0.1,0.6,0.7,,343.7,94.1,"1,723.8",4.3,"2,165.9",,517.2,"1,116.2","1,633.4",,385.9,289.3,675.2,,6.5,,"4,495.4",,"1,259.3","1,507.9","1,728.1"
UKJ4100,Medway,113.5,5.6,119.1,,0.1,6.7,6.8,,509.0,68.6,"1,188.3",4.8,"1,770.6",,582.8,"1,538.8","2,121.6",,523.1,462.4,985.5,,99.2,,"5,102.8",,"1,827.6","2,082.1","1,193.0"
UKJ2406,Mid Sussex,5.3,7.8,13.1,,0.0,0.6,0.6,,135.9,123.6,"1,547.9",1.1,"1,808.5",,237.9,775.9,"1,013.7",,245.0,280.5,525.4,,2.6,,"3,364.0",,626.7,"1,188.3","1,549.0"
UKJ1200,Milton Keynes,6.1,8.1,14.1,,0.0,5.1,5.1,,265.2,64.0,"1,896.9",9.1,"2,235.2",,909.6,"1,503.9","2,413.5",,995.8,423.1,"1,418.9",,4.3,,"6,091.2",,"2,181.0","2,004.2","1,906.1"
UKJ2304,Mole Valley,3.1,4.5,7.6,,0.0,0.3,0.3,,178.4,48.7,"1,151.8",0.8,"1,379.7",,504.1,720.6,"1,224.6",,241.8,191.6,433.4,,18.6,,"3,064.3",,946.0,965.7,"1,152.6"
UKJ3308,New Forest,21.0,16.4,37.4,,0.1,1.1,1.2,,"12,599.7",169.8,"1,733.0",8.9,"14,511.4",,772.7,"1,299.4","2,072.1",,519.4,375.9,895.3,,17.3,,"17,534.7",,"13,930.2","1,862.7","1,741.9"
UKJ1402,Oxford,2.6,4.0,6.6,,0.0,7.5,7.5,,133.5,33.5,765.3,7.2,939.4,,847.1,770.7,"1,617.9",,529.0,245.2,774.3,,12.8,,"3,358.5",,"1,525.0","1,061.1",772.4
UKJ3100,Portsmouth,5.6,3.8,9.4,,0.1,2.7,2.8,,307.8,26.4,"1,043.1",0.9,"1,378.1",,611.6,"1,171.8","1,783.4",,653.9,357.3,"1,011.2",,10.5,,"4,195.5",,"1,589.6","1,561.9","1,044.0"
UKJ1103,Reading,0.0,2.2,2.2,,0.1,3.2,3.2,,63.2,35.5,644.9,28.1,771.7,,995.5,"1,266.0","2,261.5",,569.7,287.5,857.1,,30.7,,"3,926.5",,"1,659.1","1,594.4",673.0
UKJ2305,Reigate and Banstead,0.2,3.3,3.5,,0.0,0.2,0.2,,86.0,34.8,"1,506.0",2.2,"1,629.0",,454.1,"1,107.4","1,561.5",,395.7,268.9,664.6,,16.0,,"3,874.9",,952.0,"1,414.7","1,508.2"
UKJ2206,Rother,4.6,12.7,17.3,,0.1,0.9,1.0,,167.3,141.3,785.2,1.2,"1,095.0",,329.9,540.2,870.2,,180.4,217.4,397.8,,6.7,,"2,388.0",,689.1,912.5,786.4
UKJ2312,Runnymede,0.2,3.7,3.9,,0.2,0.2,0.5,,88.1,20.8,"1,420.8",1.1,"1,530.8",,422.3,756.0,"1,178.3",,251.7,167.1,418.7,,12.0,,"3,144.2",,774.6,947.8,"1,421.8"
UKJ3310,Rushmoor,0.2,3.3,3.5,,0.0,0.2,0.2,,125.3,10.7,438.6,1.5,576.2,,144.1,246.0,390.1,,307.6,153.9,461.5,,4.9,,"1,436.5",,582.1,414.2,440.2
UKJ4207,Sevenoaks,0.7,12.0,12.7,,0.0,2.4,2.4,,119.2,124.1,"2,172.1",3.5,"2,418.8",,270.3,790.5,"1,060.8",,246.4,261.6,508.0,,43.3,,"4,046.0",,679.9,"1,190.5","2,175.6"
UKJ4208,Shepway,0.8,10.3,11.1,,4.5,0.7,5.3,,126.9,82.7,"1,012.6",0.9,"1,223.1",,253.8,758.1,"1,011.9",,528.2,213.2,741.4,,8.4,,"3,001.2",,922.7,"1,065.1","1,013.5"
UKJ1104,Slough,437.6,1.8,439.4,,0.0,4.6,4.7,,445.7,24.0,712.8,33.7,"1,216.2",,"2,212.8",729.2,"2,942.0",,315.9,196.0,511.9,,81.3,,"5,195.5",,"3,493.3",955.7,746.5
UKJ1304,South Bucks,0.2,2.1,2.3,,0.0,0.2,0.2,,70.5,17.4,"2,052.6",24.0,"2,164.4",,372.0,589.1,961.2,,230.2,155.3,385.5,,22.6,,"3,536.2",,695.6,764.0,"2,076.6"
UKJ1403,South Oxfordshire,1.4,21.4,22.8,,0.1,2.1,2.2,,210.5,218.9,"1,854.6",60.6,"2,344.6",,611.7,951.2,"1,562.8",,461.3,329.3,790.7,,2.6,,"4,725.8",,"1,287.7","1,522.9","1,915.2"
UKJ3200,Southampton,0.9,5.1,6.1,,0.0,5.5,5.5,,92.2,43.3,840.4,7.2,983.1,,845.8,"1,175.9","2,021.7",,706.4,464.5,"1,170.9",,9.4,,"4,196.6",,"1,654.9","1,694.3",847.5
UKJ2313,Spelthorne,0.2,1.3,1.6,,0.0,3.7,3.7,,137.0,18.3,865.5,0.2,"1,021.1",,248.6,591.8,840.4,,232.6,187.3,419.9,,7.3,,"2,293.9",,625.8,802.4,865.8
UKJ2308,Surrey Heath,1.2,1.2,2.4,,0.0,0.1,0.1,,61.0,14.6,"1,233.9",0.5,"1,310.1",,324.0,895.1,"1,219.1",,203.9,175.5,379.4,,8.7,,"2,919.8",,598.8,"1,086.5","1,234.5"
UKJ4209,Swale,3.9,9.1,12.9,,0.5,0.7,1.2,,279.3,55.0,"1,298.2",3.4,"1,635.9",,"1,325.5",940.1,"2,265.5",,793.7,244.1,"1,037.8",,4.3,,"4,957.7",,"2,407.2","1,248.9","1,301.7"
UKJ2309,Tandridge,3.7,3.7,7.4,,0.0,0.2,0.3,,81.8,38.1,"1,745.2",0.3,"1,865.4",,243.4,630.6,873.9,,144.4,184.2,328.7,,10.9,,"3,086.6",,484.3,856.8,"1,745.5"
UKJ3312,Test Valley,5.4,18.1,23.5,,0.8,1.3,2.1,,254.5,221.4,"1,743.4",4.8,"2,224.1",,649.1,"1,157.3","1,806.4",,305.3,254.5,559.8,,6.7,,"4,622.6",,"1,221.7","1,652.6","1,748.2"
UKJ4210,Thanet,3.3,7.8,11.1,,0.0,0.6,0.6,,184.6,25.0,622.3,0.0,831.8,,437.6,962.6,"1,400.2",,249.4,257.0,506.3,,6.7,,"2,756.7",,881.5,"1,253.0",622.3
UKJ4211,Tonbridge and Malling,72.1,8.2,80.3,,0.0,0.6,0.6,,277.1,75.0,"1,810.4",2.8,"2,165.3",,453.3,944.9,"1,398.2",,284.8,225.3,510.1,,12.1,,"4,166.7",,"1,099.5","1,254.0","1,813.2"
UKJ4212,Tunbridge Wells,4.2,11.5,15.7,,0.0,0.8,0.9,,153.6,135.1,825.4,0.9,"1,115.1",,256.8,652.1,908.9,,302.4,241.7,544.1,,16.3,,"2,601.0",,733.4,"1,041.3",826.3
UKJ1404,Vale of White Horse ,8.2,11.5,19.7,,0.1,0.8,0.9,,196.1,109.5,"1,559.6",94.4,"1,959.6",,355.1,676.4,"1,031.5",,414.5,262.9,677.3,,20.7,,"3,709.7",,994.5,"1,061.1","1,654.0"
UKJ2310,Waverley,1.4,6.6,8.0,,0.0,0.5,0.5,,70.7,79.8,820.6,0.8,971.9,,399.9,933.4,"1,333.4",,191.9,271.9,463.7,,10.9,,"2,788.4",,674.8,"1,292.2",821.4
UKJ2207,Wealden,4.0,15.2,19.1,,0.1,1.1,1.2,,236.9,236.8,"1,504.6",1.4,"1,979.7",,336.1,"1,123.8","1,459.9",,211.2,345.5,556.8,,18.4,,"4,035.1",,806.6,"1,722.4","1,506.0"
UKJ1102,West Berkshire,5.2,19.3,24.5,,0.3,1.4,1.7,,235.9,260.6,"3,449.4",61.6,"4,007.5",,452.2,782.9,"1,235.1",,551.4,355.4,906.7,,10.5,,"6,186.1",,"1,255.5","1,419.6","3,511.0"
UKJ1405,West Oxfordshire,4.9,15.2,20.1,,0.2,1.1,1.3,,158.7,157.6,976.8,4.5,"1,297.6",,226.4,523.3,749.7,,260.8,241.3,502.0,,4.0,,"2,574.6",,654.9,938.4,981.3
UKJ3313,Winchester,2.1,12.4,14.5,,0.2,0.9,1.1,,210.3,141.2,"2,228.1",15.8,"2,595.4",,261.9,626.5,888.3,,366.9,240.2,607.1,,6.2,,"4,112.5",,847.5,"1,021.2","2,243.8"
UKJ1105,Windsor and Maidenhead,1.9,5.9,7.7,,0.0,3.4,3.4,,202.9,55.6,"1,711.8",34.7,"2,005.1",,613.7,"1,112.6","1,726.3",,443.6,310.3,754.0,,5.1,,"4,501.6",,"1,267.2","1,487.9","1,746.6"
UKJ2311,Woking,3.3,2.4,5.7,,0.0,0.2,0.2,,30.2,18.2,510.5,2.1,561.1,,365.5,791.6,"1,157.1",,311.7,192.8,504.4,,3.4,,"2,231.9",,714.0,"1,005.3",512.7
UKJ1106,Wokingham,0.7,6.6,7.3,,0.0,0.5,0.5,,110.4,62.5,"1,573.6",36.1,"1,782.7",,413.4,"1,097.2","1,510.6",,369.4,309.9,679.3,,1.5,,"3,981.9",,895.4,"1,476.7","1,609.7"
UKJ2407,Worthing,0.7,2.4,3.1,,0.0,0.2,0.2,,148.4,21.9,375.9,0.2,546.4,,661.2,754.4,"1,415.6",,231.4,214.9,446.2,,10.6,,"2,422.1",,"1,052.3",993.8,376.1
UKJ1305,Wycombe,5.6,10.0,15.6,,0.0,4.0,4.1,,247.9,130.8,"1,720.9",5.6,"2,105.3",,665.5,"1,456.0","2,121.5",,414.0,360.1,774.1,,6.7,,"5,027.3",,"1,339.8","1,961.0","1,726.5"
UKJ,SOUTH EAST,"1,220.1",530.5,"1,750.6",,24.5,105.5,130.0,,"24,686.7","5,265.6","79,421.6",558.8,"109,932.7",,"34,916.7","58,159.7","93,076.4",,"22,897.9","17,218.6","40,116.6",,"1,214.0",,"246,220.2",,"84,959.9","81,279.9","79,980.4"
UKK1201,Bath and North East Somerset,18.7,19.1,37.8,,0.0,5.3,5.3,,323.6,146.6,905.5,29.2,"1,404.9",,575.0,"1,141.4","1,716.4",,438.0,368.5,806.4,,13.2,,"3,984.1",,"1,368.5","1,680.8",934.7
UKK2101,Bournemouth,0.2,7.0,7.2,,0.1,0.5,0.6,,84.1,34.8,659.7,1.8,780.4,,431.3,"1,164.6","1,595.9",,374.4,372.2,746.7,,5.9,,"3,136.7",,896.0,"1,579.1",661.5
UKK1100,"Bristol, City of",12.0,9.9,21.9,,0.2,27.2,27.4,,492.3,127.2,"1,629.7",24.8,"2,274.0",,"1,581.7","2,657.7","4,239.4",,"1,135.2",758.1,"1,893.4",,19.9,,"8,475.9",,"3,241.3","3,580.2","1,654.5"
UKK3001,Caradon,4.4,22.6,27.1,,0.0,1.6,1.7,,133.6,140.6,780.1,21.0,"1,075.2",,142.2,295.0,437.2,,143.8,224.0,367.8,,19.5,,"1,928.5",,443.6,683.9,801.1
UKK3002,Carrick,1.4,25.1,26.5,,0.0,1.8,1.8,,129.7,178.6,822.4,12.7,"1,143.4",,293.0,276.1,569.1,,181.5,249.0,430.5,,12.0,,"2,183.4",,617.7,730.6,835.1
UKK1301,Cheltenham,0.7,3.4,4.1,,0.0,3.5,3.5,,132.7,30.8,362.5,8.3,534.3,,427.8,756.5,"1,184.3",,255.4,230.0,485.3,,17.6,,"2,229.1",,834.2,"1,024.1",370.8
UKK2202,Christchurch,0.2,1.2,1.5,,0.0,0.1,0.1,,55.1,10.5,323.9,1.8,391.1,,108.8,376.3,485.2,,112.5,98.4,210.9,,12.8,,"1,101.5",,289.4,486.5,325.6
UKK1302,Cotswold,4.8,18.5,23.3,,0.4,1.3,1.7,,245.6,209.3,"1,354.2",5.5,"1,814.6",,214.6,450.4,665.0,,190.3,238.9,429.2,,44.6,,"2,978.5",,700.4,918.4,"1,359.7"
UKK4301,East Devon,2.6,18.5,21.1,,0.2,1.3,1.5,,182.7,192.4,"1,584.4",13.4,"1,972.9",,341.7,828.3,"1,170.0",,202.7,301.0,503.7,,5.8,,"3,674.9",,735.6,"1,341.5","1,597.8"
UKK2203,East Dorset,3.0,7.8,10.9,,0.2,0.6,0.8,,142.6,64.8,757.4,0.0,964.7,,148.3,636.5,784.9,,145.8,191.9,337.7,,8.9,,"2,107.8",,448.8,901.6,757.4
UKK4302,Exeter,1.3,1.8,3.2,,0.2,3.8,4.0,,101.2,32.4,460.2,14.3,608.1,,427.2,563.1,990.3,,315.9,207.3,523.2,,5.5,,"2,134.3",,851.3,808.4,474.5
UKK1303,Forest of Dean,8.1,29.5,37.6,,2.2,2.6,4.8,,307.6,216.3,712.8,6.8,"1,243.6",,354.0,372.6,726.6,,215.7,187.7,403.5,,3.1,,"2,419.2",,890.8,808.7,719.6
UKK1304,Gloucester,0.2,5.8,6.0,,0.0,0.4,0.4,,136.6,26.8,493.0,8.2,664.5,,482.7,737.9,"1,220.7",,228.6,217.2,445.8,,5.0,,"2,342.4",,853.2,988.1,501.1
UKK3007,Isles of Scilly,0.0,0.9,0.9,,0.0,0.1,0.1,,1.8,3.7,5.9,0.0,11.5,,0.0,0.0,0.0,,5.1,7.7,12.8,,0.3,,25.4,,7.1,12.4,5.9
UKK1501,Kennet,4.7,29.6,34.3,,1.1,2.1,3.2,,172.7,232.8,731.9,24.6,"1,162.0",,172.0,299.4,471.5,,189.9,228.3,418.2,,21.3,,"2,110.6",,561.8,792.3,756.5
UKK3003,Kerrier,4.2,43.6,47.8,,0.0,3.1,3.1,,139.1,213.2,724.0,6.0,"1,082.2",,185.3,347.9,533.2,,187.0,255.6,442.6,,3.5,,"2,112.4",,519.1,863.3,729.9
UKK2301,Mendip,19.2,18.5,37.7,,0.0,1.3,1.3,,378.0,174.9,945.4,11.8,"1,510.1",,420.0,461.8,881.8,,328.6,235.4,564.0,,16.5,,"3,011.5",,"1,162.4",891.8,957.2
UKK4303,Mid Devon,8.2,16.0,24.2,,0.1,1.1,1.3,,173.0,166.1,"1,331.3",32.9,"1,703.2",,260.6,251.4,512.0,,194.5,174.7,369.1,,12.5,,"2,622.3",,648.8,609.3,"1,364.2"
UKK3004,North Cornwall,13.1,31.2,44.3,,0.4,2.2,2.6,,296.9,189.3,"1,249.3",3.6,"1,739.0",,228.8,242.6,471.4,,250.0,251.7,501.7,,9.4,,"2,768.4",,798.6,717.0,"1,252.8"
UKK4304,North Devon,3.3,14.8,18.1,,1.4,1.1,2.5,,402.2,138.0,898.8,0.3,"1,439.2",,223.8,414.7,638.5,,272.6,205.4,478.0,,9.4,,"2,585.8",,912.7,774.0,899.1
UKK2204,North Dorset,3.0,12.4,15.4,,0.0,0.9,0.9,,188.9,123.6,480.8,0.7,794.1,,359.3,266.9,626.1,,149.0,155.6,304.7,,9.1,,"1,750.3",,709.4,559.4,481.5
UKK1202,North Somerset,7.9,13.9,21.9,,0.3,1.0,1.3,,352.9,161.6,"2,039.7",36.4,"2,590.5",,792.5,"1,237.5","2,030.0",,417.4,395.6,813.0,,16.9,,"5,473.6",,"1,587.9","1,809.6","2,076.1"
UKK1502,North Wiltshire,12.4,18.5,30.9,,0.3,1.3,1.6,,361.4,247.7,"2,147.4",91.2,"2,847.7",,457.8,638.5,"1,096.2",,368.3,291.8,660.0,,1.4,,"4,637.9",,"1,201.6","1,197.7","2,238.6"
UKK3005,Penwith,1.2,23.9,25.0,,2.5,1.7,4.2,,62.5,83.8,437.0,9.3,592.6,,64.8,230.3,295.1,,110.4,174.1,284.5,,8.0,,"1,209.5",,249.4,513.8,446.3
UKK4100,Plymouth,4.7,17.3,22.0,,1.0,1.2,2.2,,315.5,33.0,993.5,13.2,"1,355.3",,949.6,"1,331.0","2,280.6",,720.6,462.6,"1,183.3",,13.3,,"4,856.6",,"2,004.8","1,845.1","1,006.7"
UKK2102,Poole,3.4,5.4,8.8,,1.4,0.4,1.8,,236.2,23.4,626.7,0.4,886.7,,598.7,"1,165.2","1,763.9",,416.3,293.6,709.9,,4.8,,"3,375.9",,"1,260.9","1,487.9",627.1
UKK2206,Purbeck,2.3,7.0,9.2,,0.0,0.5,0.5,,80.4,46.1,470.8,0.0,597.3,,140.4,297.5,437.9,,112.7,104.4,217.2,,0.5,,"1,262.6",,336.3,455.5,470.8
UKK3006,Restormel,9.4,32.1,41.5,,0.0,2.3,2.3,,284.2,146.7,768.0,16.9,"1,215.9",,694.3,276.7,971.0,,259.7,266.8,526.5,,4.0,,"2,761.1",,"1,251.6",724.5,784.9
UKK1503,Salisbury,8.7,23.0,31.7,,0.0,1.6,1.6,,177.8,234.3,"1,278.2",7.4,"1,697.7",,405.4,610.0,"1,015.4",,297.6,272.7,570.3,,6.3,,"3,322.9",,895.7,"1,141.7","1,285.5"
UKK2302,Sedgemoor,14.3,25.1,39.4,,0.0,1.8,1.8,,279.6,182.9,"1,446.8",28.8,"1,938.2",,"1,093.3",533.2,"1,626.6",,302.0,257.7,559.6,,4.8,,"4,170.4",,"1,694.1","1,000.7","1,475.6"
UKK1203,South Gloucestershire,27.1,19.7,46.8,,0.0,9.0,9.0,,554.0,188.6,"3,651.0",54.5,"4,448.0",,863.5,"1,477.5","2,341.0",,728.4,498.2,"1,226.6",,12.7,,"8,084.1",,"2,185.7","2,192.9","3,705.5"
UKK4305,South Hams,5.8,16.0,21.9,,0.0,1.1,1.1,,202.1,185.0,"1,026.9",36.7,"1,450.8",,390.6,564.5,955.1,,305.9,231.1,537.0,,11.0,,"2,976.8",,915.4,997.8,"1,063.6"
UKK2303,South Somerset,19.5,41.5,61.0,,1.2,3.0,4.2,,527.4,396.3,"1,418.8",20.8,"2,363.3",,457.2,661.8,"1,118.9",,431.5,387.5,819.1,,5.0,,"4,371.5",,"1,441.9","1,490.0","1,439.6"
UKK1305,Stroud,9.5,13.9,23.5,,0.2,1.0,1.2,,440.1,118.6,"1,641.2",23.1,"2,223.0",,498.6,716.8,"1,215.4",,165.4,253.6,419.0,,12.2,,"3,894.2",,"1,125.9","1,103.9","1,664.3"
UKK1400,Swindon,1.1,9.1,10.1,,0.0,0.7,0.7,,212.9,61.8,"1,460.9",31.4,"1,767.0",,859.2,"1,143.8","2,003.0",,849.7,364.3,"1,214.0",,6.3,,"5,001.2",,"1,929.3","1,579.6","1,492.2"
UKK2304,Taunton Deane,3.5,13.6,17.1,,0.0,1.0,1.0,,170.5,133.3,"1,230.7",41.1,"1,575.5",,251.6,495.5,747.1,,231.3,230.8,462.0,,15.0,,"2,817.6",,671.8,874.1,"1,271.7"
UKK4306,Teignbridge,2.0,13.9,16.0,,0.1,1.0,1.1,,194.4,130.1,"1,713.0",46.1,"2,083.6",,372.0,627.7,999.7,,232.2,280.6,512.7,,6.1,,"3,619.2",,806.8,"1,053.3","1,759.1"
UKK1306,Tewkesbury,6.5,5.8,12.3,,0.0,0.4,0.4,,236.1,58.4,"1,655.1",16.9,"1,966.5",,298.3,382.1,680.3,,241.7,171.4,413.1,,6.3,,"3,079.0",,789.0,618.0,"1,672.0"
UKK4200,Torbay,9.4,6.1,15.5,,0.1,0.4,0.5,,317.5,29.4,507.6,1.9,856.4,,354.4,743.1,"1,097.5",,275.5,277.7,553.3,,11.2,,"2,534.4",,968.1,"1,056.8",509.4
UKK4307,Torridge,2.6,14.8,17.4,,0.0,1.1,1.1,,146.0,123.1,592.7,0.0,861.9,,121.6,230.9,352.6,,128.2,150.8,279.0,,0.5,,"1,512.5",,399.0,520.8,592.7
UKK4308,West Devon,5.6,17.3,22.8,,0.0,1.2,1.2,,157.7,113.0,791.1,0.1,"1,061.9",,218.5,242.5,460.9,,129.8,125.7,255.5,,8.8,,"1,811.2",,520.3,499.7,791.2
UKK2207,West Dorset,1.6,18.5,20.1,,0.0,1.3,1.3,,169.4,214.6,"1,067.5",1.4,"1,452.9",,189.3,523.5,712.8,,243.5,258.7,502.2,,4.9,,"2,694.3",,608.8,"1,016.6","1,068.9"
UKK2305,West Somerset,0.3,9.9,10.2,,0.0,0.7,0.7,,49.1,74.8,362.3,0.0,486.1,,400.2,126.9,527.1,,120.8,100.0,220.8,,38.7,,"1,283.7",,609.1,312.3,362.3
UKK1505,West Wiltshire,128.9,17.3,146.2,,0.1,1.2,1.4,,726.0,216.7,766.9,13.3,"1,722.8",,455.6,703.3,"1,158.9",,457.8,279.7,737.5,,80.2,,"3,847.1",,"1,848.7","1,218.2",780.2
UKK2208,Weymouth and Portland,0.2,3.3,3.5,,0.1,0.2,0.3,,40.3,19.1,228.9,0.0,288.4,,118.8,305.4,424.2,,120.0,125.4,245.5,,5.5,,967.5,,285.0,453.5,229.0
UKK,SOUTH WEST,401.4,723.7,"1,125.1",,14.4,97.2,111.6,,"10,514.0","5,874.8","45,535.6",718.6,"62,643.0",,"18,424.5","27,806.3","46,230.8",,"13,183.3","11,413.5","24,596.7",,540.3,,"135,247.6",,"43,077.9","45,915.5","46,254.2"
UKN0301,Antrim,4.0,67.4,71.4,,0.0,14.2,14.2,,288.6,212.0,940.6,0.0,"1,441.2",,..,..,..,,..,..,..,,32.9,,..,,..,..,..
UKN0302,Ards,8.1,82.8,90.9,,0.1,18.5,18.6,,151.8,382.3,531.5,0.0,"1,065.7",,..,..,..,,..,..,..,,26.7,,..,,..,..,..
UKN0501,Armagh,3.5,53.2,56.8,,0.0,13.1,13.1,,281.2,234.2,891.9,0.0,"1,407.3",,..,..,..,,..,..,..,,33.6,,..,,..,..,..
UKN0303,Ballymena,22.4,63.7,86.1,,0.0,16.0,16.1,,320.6,289.7,774.2,0.0,"1,384.5",,..,..,..,,..,..,..,,16.5,,..,,..,..,..
UKN0401,Ballymoney,0.5,32.9,33.4,,0.0,8.7,8.7,,66.2,102.5,395.2,0.0,563.9,,..,..,..,,..,..,..,,20.8,,..,,..,..,..
UKN0304,Banbridge,11.8,41.5,53.3,,0.0,9.7,9.7,,186.1,187.3,579.4,0.0,952.9,,..,..,..,,..,..,..,,16.4,,..,,..,..,..
UKN0100,Belfast,16.2,249.3,265.6,,0.1,63.7,63.8,,525.3,"1,203.1","1,101.2",0.0,"2,829.6",,..,..,..,,..,..,..,,28.4,,..,,..,..,..
UKN0201,Carrickfergus,0.0,46.1,46.1,,0.0,10.5,10.6,,24.2,187.1,173.0,0.0,384.3,,..,..,..,,..,..,..,,9.7,,..,,..,..,..
UKN0203,Castlereagh,0.2,44.7,44.9,,0.0,11.0,11.1,,68.4,332.3,289.2,0.0,689.8,,..,..,..,,..,..,..,,27.2,,..,,..,..,..
UKN0402,Coleraine,3.9,64.8,68.8,,0.1,14.7,14.8,,249.6,313.8,568.4,0.0,"1,131.7",,..,..,..,,..,..,..,,15.2,,..,,..,..,..
UKN0502,Cookstown,68.1,26.0,94.1,,0.1,12.6,12.7,,382.0,148.7,420.7,0.0,951.5,,..,..,..,,..,..,..,,81.6,,..,,..,..,..
UKN0305,Craigavon,30.7,105.6,136.3,,0.2,23.4,23.6,,748.2,280.6,700.4,0.0,"1,729.3",,..,..,..,,..,..,..,,53.0,,..,,..,..,..
UKN0403,Derry,406.0,159.6,565.6,,0.0,32.4,32.4,,256.6,312.6,602.1,0.0,"1,171.3",,..,..,..,,..,..,..,,36.8,,..,,..,..,..
UKN0306,Down,1.9,71.6,73.5,,0.0,15.9,15.9,,112.6,234.6,768.7,0.0,"1,115.8",,..,..,..,,..,..,..,,33.2,,..,,..,..,..
UKN0503,Dungannon,9.7,49.1,58.8,,0.0,12.7,12.7,,277.9,183.6,969.4,0.0,"1,430.9",,..,..,..,,..,..,..,,26.8,,..,,..,..,..
UKN0504,Fermanagh,4.0,48.6,52.6,,0.0,12.8,12.8,,338.8,243.4,"1,204.4",0.0,"1,786.6",,..,..,..,,..,..,..,,15.5,,..,,..,..,..
UKN0307,Larne,0.0,37.3,37.3,,0.0,9.1,9.1,,19.4,170.0,385.9,0.0,575.2,,..,..,..,,..,..,..,,14.1,,..,,..,..,..
UKN0404,Limavady,0.2,40.2,40.5,,0.0,10.1,10.1,,61.3,111.4,474.8,0.0,647.6,,..,..,..,,..,..,..,,36.5,,..,,..,..,..
UKN0204,Lisburn,0.2,126.0,126.3,,0.0,27.1,27.1,,109.2,462.0,"1,243.7",0.0,"1,814.8",,..,..,..,,..,..,..,,21.1,,..,,..,..,..
UKN0505,Magherafelt,2.1,35.9,38.0,,0.1,10.4,10.5,,256.0,154.5,584.3,0.0,994.8,,..,..,..,,..,..,..,,9.4,,..,,..,..,..
UKN0405,Moyle,0.5,17.4,17.9,,0.0,5.2,5.2,,25.8,84.3,288.7,0.0,398.8,,..,..,..,,..,..,..,,47.3,,..,,..,..,..
UKN0506,Newry and Mourne,7.2,80.6,87.8,,0.0,21.1,21.1,,273.9,347.4,"1,206.6",0.0,"1,827.9",,..,..,..,,..,..,..,,20.3,,..,,..,..,..
UKN0202,Newtownabbey,7.7,70.3,78.1,,0.1,16.2,16.3,,83.8,388.3,608.5,0.0,"1,080.7",,..,..,..,,..,..,..,,26.4,,..,,..,..,..
UKN0205,North Down,0.0,71.1,71.1,,0.0,15.8,15.8,,32.9,460.2,326.5,0.0,819.6,,..,..,..,,..,..,..,,22.5,,..,,..,..,..
UKN0507,Omagh,12.7,48.2,60.9,,0.1,11.2,11.3,,208.7,192.7,771.2,0.0,"1,172.6",,..,..,..,,..,..,..,,26.0,,..,,..,..,..
UKN0406,Strabane,10.9,53.0,63.9,,0.0,13.0,13.0,,163.8,102.8,559.4,0.0,825.9,,..,..,..,,..,..,..,,0.3,,..,,..,..,..
UKN,NORTHERN IRELAND,632.5,"1,787.2","2,419.7",,1.2,429.0,430.1,,"5,512.7","7,321.4","17,360.1",0.0,"30,194.2",,..,..,..,,..,..,..,,698.0,,..,,..,..,..
,,,,,,,,,,,,,,,,,,,,,,,,,,,,,,
,Great Britain,"8,558.8","6,773.7","15,332.5",,"8,025.8","3,316.9","11,342.6",,"177,600.3","34,759.8","507,175.7","3,806.1","723,342.0",,"307,795.0","415,948.0","723,743.0",,"169,983.3","118,250.9","288,234.2",,"6,807.7",,"1,768,802.1",,"678,770.9","579,049.4","510,981.8"
,,,,,,,,,,,,,,,,,,,,,,,,,,,,,,
,Northern Ireland and Un- Allocated,..,..,..,,..,..,..,,..,..,..,..,..,,..,..,"294,689.0",,"23,661.0","3,092.0","26,753.0",,..,,"321,442.0",,..,..,..
,,,,,,,,,,,,,,,,,,,,,,,,,,,,,,
,UK,9191.3,"8,561.0","17,752.2",,"8,026.9","3,745.8","11,772.8",,"183,113.0","42,081.2","524,535.7","3,806.1","753,536.1",,..,..,"1,018,432.0",,"193,644.3","121,342.9","314,987.2",,"7,505.8",,"2,123,986.1",,..,..,..
,,,,,,,,,,,,,,,,,,,,,,,,,,,,,,
, Energy Consumption as in DUKES,"5,605.6","8,524.7","14,142.0",,"9,769.1","3,779.7","13,548.9",,"167,226.8","39,960.5","486,398.8","3,977.4","697,575.2",,..,..,"1,018,432.3",,..,..,"325,033.4",,"7,780.4",,"2,076,513.3",,..,..,..
